NodeID,AcclX,AcclY,AcclZ,Temperature
1,-1.42,-0.25,9.84,28.56
2,-2.12,1.52,9.93,30.07
1,-1.44,-0.28,9.84,28.59
2,-2.22,1.38,9.72,30.19
1,-1.44,-0.24,9.85,28.59
2,-2.09,1.69,9.74,30.24
1,-1.38,-0.2,9.82,28.6
1,-1.44,-0.26,9.86,28.59
2,-1.68,2.11,9.83,30.4
1,-1.43,-0.26,9.86,28.59
2,-1.88,1.95,9.8,30.41
1,-1.43,-0.25,9.86,28.64
2,-1.83,1.98,9.77,30.31
1,-1.45,-0.24,9.84,28.64
2,-1.94,1.82,9.81,30.24
1,-1.44,-0.24,9.85,28.67
2,-2,1.92,9.76,30.19
1,-1.4,-0.26,9.84,28.65
2,-2.16,2.08,9.42,30.11
1,-1.46,-0.25,9.86,28.68
2,-2.13,1.84,9.91,30.04
1,-3.5,0.95,9.11,28.69
2,-1.7,1.72,9.91,30.03
1,-1,-0.59,9.91,28.7
2,-2.04,1.47,9.62,29.98
1,-1.02,-0.59,9.91,28.73
2,1.26,-0.28,9.86,29.72
1,-0.98,-0.55,9.88,28.75
2,0.72,-0.67,10.16,29.54
1,-0.99,-0.54,9.9,28.76
2,1.34,-2.08,9.85,29.48
1,-1.02,-0.59,9.92,28.76
2,1.05,-1.03,9.81,29.46
1,-1.01,-0.59,9.9,28.8
2,1.19,-0.64,10.37,29.38
1,-1,-0.59,9.88,28.81
2,0.55,-0.52,10.33,29.31
1,-1.03,-0.6,9.89,28.85
2,2.08,-1.31,10.22,29.18
1,-1.02,-0.57,9.93,28.82
2,0.12,0.11,10.21,29.03
1,-1.48,-0.52,9.77,29.44
2,0.89,1.35,10.08,28.95
1,-1.39,-0.55,9.84,29.73
2,0.87,1.33,10.07,28.87
1,-1.5,-0.58,9.8,29.89
2,0.9,1.3,10.07,28.74
1,-1.48,-0.6,9.82,29.79
2,0.92,1.34,10.06,28.55
1,-0.99,-1.17,9.97,29.59
2,0.91,1.32,10.08,28.42
1,-0.93,-1.07,10.04,29.54
2,0.92,1.28,10.11,28.28
1,-0.99,-0.66,9.79,29.48
2,0.93,1.3,10.04,28.21
1,-1.04,-0.36,10.2,29.43
2,0.9,1.27,10.08,28.12
1,-1.19,-0.32,9.89,29.42
2,0.89,1.28,10.06,28.07
1,-1.27,-0.18,9.93,29.37
2,0.92,1.28,10.08,28.04
1,-0.98,-0.99,10.02,29.34
2,0.91,1.27,10.08,27.95
1,-0.91,-0.64,9.92,29.35
2,0.8,1.44,10.04,27.9
1,-0.86,-0.65,10.04,29.34
2,0.83,1.31,10.07,27.79
1,0.39,-0.23,9.84,29.29
2,-1.11,3.36,9.76,27.74
1,0.72,-1.39,10.26,29.25
2,-0.65,5.08,8.46,27.72
1,-0.61,0.59,9.93,29.22
2,-1.18,4.6,8.77,27.77
1,0.81,-0.45,9.67,29.2
2,0.46,0.67,10.52,27.78
1,-0.25,0.23,10.02,29.15
2,-0.05,2.84,9.7,27.82
1,2.05,-0.57,10.19,29.07
2,-0.42,2.5,10.24,27.86
1,1.67,0.06,9.88,29
2,-0.31,2.43,9.94,27.91
1,0.46,-0.59,8.83,28.84
2,0.13,2.21,8.33,27.97
1,-0.02,0.73,9.94,28.75
2,0.59,-0.28,9.26,27.97
1,-0.46,-0.88,9.89,28.55
2,2.72,-0.55,12.25,27.87
1,0,-0.9,10,28.52
2,1.94,0.43,9.34,27.75
1,0.47,-1.74,8.11,28.49
2,2.32,-0.43,9.25,27.67
1,0.93,0.25,9.72,28.47
2,1.86,2.84,9.19,27.6
1,0.51,-0.62,10.21,28.46
2,3.18,-1.01,10.77,27.59
1,-0.17,-0.6,9.4,28.46
2,1.62,-1.2,8.87,27.42
1,1.14,-0.31,9.95,28.4
2,0.83,0.44,9.07,27.39
1,0.08,-0.98,9.65,28.33
2,2.32,-0.32,9.72,27.28
1,0.24,0.73,9.89,28.29
2,4.09,0.53,9.72,27.11
1,0.3,0.87,10.01,28.32
2,2.95,-0.61,8.78,27.09
1,-1.15,0.74,9.69,28.31
2,2.21,0.07,9.93,27.07
1,-1.9,0.08,9.79,28.32
2,0.86,-0.39,10.1,27.02
1,-1.02,0.41,10.04,28.39
2,1.08,-0.25,10.2,26.89
1,-1.14,-0.31,10.24,28.37
2,0.71,0.01,10.13,26.68
1,-1.99,2.18,9.45,28.37
2,1.31,0.02,10.08,26.41
1,-1.74,0.23,10.43,28.31
2,1.18,-0.08,10.15,26.09
1,0.4,0.07,9.52,28.18
2,1.2,-0.07,10.02,25.84
1,1.35,0.31,9.91,28.08
2,1.32,-0.11,10.1,25.72
1,0.26,0.4,9.81,28
2,4.38,0.94,7.19,25.7
1,-2.39,1.66,9.62,27.79
2,6.55,-1.46,7.95,25.72
1,-0.42,-1.96,10.21,27.45
2,5.98,-1.84,8.22,25.87
1,2.31,-1.99,8.46,27.07
2,7.65,-1.94,7.55,25.92
1,1.38,-1.47,9.71,26.83
2,6.65,-2.04,7.62,26.04
1,0.12,-0.76,10.14,26.21
2,3.81,-1.08,9.71,26.05
1,-0.07,-0.54,10.01,25.94
2,4.15,-2.17,8.39,25.99
1,-0.24,-0.04,10,25.85
2,3.69,-1.84,8.51,25.99
1,-1.95,-0.51,9.57,25.72
2,3.1,-0.85,8.3,25.98
1,-1.16,0.37,10.12,25.39
2,2.31,1.06,7.98,25.87
1,-3.89,0.19,9.16,25.39
2,1.65,-0.03,10.04,25.75
1,-1.74,1.19,9.79,25.15
2,2.22,0.42,9.52,25.6
1,-1.32,1.08,9.7,25.03
2,2.35,-0.2,9.56,25.5
1,-3.37,-0.49,8.82,24.87
2,3.5,0.93,9.73,25.44
1,-3.11,0.38,9.68,24.87
2,2.57,0.73,9.92,25.46
1,-0.53,1.2,10.29,24.91
2,5.4,-3.73,8.17,25.47
1,-1.1,1.22,10.36,25.12
2,6.86,-0.4,7.79,25.52
1,-0.26,-0.01,10.16,25.29
2,6.69,-0.43,8.02,25.49
1,-0.33,0.47,10.09,25.23
2,5.51,-1.09,8.7,25.51
1,0.34,-0.5,9.85,25.25
2,3.21,-0.63,8.1,25.49
1,-1.44,1.84,9.76,25.42
2,1.89,-0.85,9.37,25.49
1,-0.86,1.72,10.05,25.49
2,2.3,-0.49,9.72,25.51
1,0.1,3.77,9.06,25.51
2,3.91,0.62,11.04,25.54
1,-0.57,3.62,9.71,25.35
2,2.43,1.15,10.81,25.57
1,-0.15,3.1,9.53,25.25
2,0.38,1.03,8.25,25.57
1,0.19,2.25,9.75,25.18
2,1.66,0.07,9.65,25.61
1,-0.71,2.93,10.64,25.16
2,2.43,-0.36,9.9,25.63
1,-0.52,2.73,10.09,25.13
2,1.64,0,9.99,25.66
1,-0.56,2.63,9.66,25.13
2,1.18,1.13,9.41,25.67
1,-2.47,0.34,9.65,24.98
2,2.35,0.84,9,25.61
1,-2.29,0.44,9.36,24.95
2,2.69,0.74,8.2,25.56
1,-3.01,-3.25,7.19,24.98
2,0.97,-0.03,10.96,25.49
1,-1.61,-2.35,9.99,24.99
2,1,-0.76,10.91,25.45
1,-9.06,0.25,4.7,24.83
2,1.62,-0.37,9.56,25.41
1,-1.02,-1.99,9.67,24.7
2,4.04,0.1,9.55,25.47
1,-3.23,-2.07,9.66,24.74
2,1.98,3.08,9.04,25.44
1,-1.61,-2.77,9.14,24.79
2,1.35,2.06,10.25,25.33
1,-1.57,-2.35,9.83,24.86
2,1.09,1.95,8.79,25.24
1,-0.5,-2.04,9.83,24.93
2,0.95,2.78,7.13,25.12
1,-1.62,-4.05,8.09,24.91
2,-0.23,-0.71,10.59,25.05
1,-2.96,-2.42,8.26,24.94
2,1.63,1.26,9.81,24.97
1,-7.69,-0.92,5.68,24.81
2,2.94,-1.33,11.12,24.97
1,-3.04,-5.09,7.88,24.79
2,-0.8,1.34,10.25,25
1,-2.62,-5.69,7.31,24.81
2,1.41,-1.35,12.21,25.05
1,-4.01,-6.18,6.06,24.87
2,2.2,1.66,9.23,25.04
1,-3.51,-4.63,7.06,24.9
2,1.34,0.2,7.99,25.03
1,-4.28,-5.5,6.49,24.96
2,0.49,0.58,8.75,24.95
1,-6.2,-4.45,6.76,24.98
2,0.51,1.59,9.52,24.95
1,-7.28,-2.19,4.76,24.93
2,1.07,-1.74,10.51,24.94
1,-4.17,-4.77,7.1,24.91
2,1.5,2.41,9.43,24.93
1,-3.26,-3.33,7.18,24.95
2,3.91,0.1,9.27,24.96
1,-1.87,-5.46,2.7,24.93
2,0.61,1.25,10.07,24.94
1,-5.27,-5.37,5.33,24.93
2,-0.29,1.36,7.74,24.84
1,-7.36,-1.87,1.37,24.84
2,4.6,-1.09,8.39,24.81
1,-0.43,-1.27,9.93,24.75
2,4.19,-0.57,9.17,24.74
1,-1.67,1.81,9.98,24.62
2,2.83,-0.09,9.88,24.72
1,-3.56,0.84,9.05,24.57
2,2.13,1.69,7.85,24.64
1,-3.05,2.14,9.7,24.5
2,8.97,0.76,9.61,24.65
1,-1.76,0.97,10.22,24.31
2,6.88,-3.92,9.97,24.59
1,-4.23,2.38,9.17,24.94
2,4.36,1.62,9.36,24.51
1,-1.56,0.97,9.36,24.71
2,4.28,2.35,8.84,24.43
1,-0.42,2.84,10.17,24.68
2,3.9,-0.37,10.99,24.35
1,1.23,2.43,9.84,24.6
2,2.46,0.41,9.22,24.31
1,-0.95,2.5,8.33,24.49
2,2.83,2.66,10.32,24.18
1,-1.07,2.77,8.98,24.44
2,8.99,-1.49,4.93,24.21
1,-1.95,3.18,9.97,24.39
2,9.35,-1.54,4.52,24.22
1,-2.08,3.49,10.13,24.34
2,9.32,-1.69,4.48,24.24
1,-2.06,3.32,9.28,24.32
2,7.04,-1.19,8.03,24.22
1,-2.09,3.15,9.19,24.24
2,7.81,-0.38,7.35,24.17
1,-1.98,3.07,9.68,24.16
2,7.44,-1.26,5.88,24.08
1,-0.71,1.45,10.16,24.14
2,7.76,-2.12,7.74,24.05
1,-4.53,0.62,9.08,24.11
2,6.6,0.13,7.98,24
1,-7.95,-1.76,2.59,24.16
2,4.39,0.73,6.58,23.97
1,-2.7,2.46,9.57,24.18
2,7.08,-0.46,6.14,23.94
1,-2.67,2.6,10.15,24.21
2,6.81,7.27,3.26,23.96
1,-0.15,2.44,12.57,24.15
2,7.97,2.27,7.15,23.98
1,-0.69,-0.08,10.06,24.01
2,5.6,-0.11,6.92,23.94
1,-0.69,-0.12,10.05,23.87
2,4.3,2.09,8.78,23.98
1,-0.71,-0.11,10.04,23.78
2,7.89,1.87,9.15,23.97
1,-0.71,-0.12,10.04,23.73
2,5.72,0.62,8.41,23.97
1,-0.69,-0.12,10.05,23.68
2,8.07,1.87,6.65,24.02
1,-0.73,-0.11,10.05,23.67
2,5.21,-0.69,7.43,24.11
1,-0.7,-0.06,10.09,23.69
2,1.78,-1.67,8.87,24.15
1,0.19,-5.66,9.96,23.71
2,5.16,-0.62,9.56,24.17
1,0.43,-0.41,9.94,23.8
2,4.93,-0.64,9.14,24.19
1,0.33,-0.76,10.12,23.82
2,5.16,1.58,8.75,24.22
1,-0.38,-0.57,10.18,23.83
2,4,2.37,8.82,24.17
1,1.64,-0.17,11.71,23.84
2,4.9,3.08,9.02,24.17
1,1.37,-0.59,10.59,23.83
2,3.51,2.44,7.79,24.2
1,2.38,0.96,9.62,23.88
2,4.64,2.12,9.58,24.25
1,1.7,0.51,10.01,24.06
2,2.21,3.38,8.92,24.24
1,1.36,-0.24,9.78,24.15
2,4.46,2.83,9.54,24.31
1,0.75,-1.66,14.56,24.24
2,1.21,2.34,9.8,24.34
1,1.41,-0.54,9.6,24.3
2,4.84,-2.6,12.89,24.39
1,-0.23,-0.77,12.69,24.37
2,5.25,1.37,7.52,24.39
1,1.45,-0.07,10.2,24.45
2,3.07,0.38,10.57,24.45
1,-0.76,-1.55,10.7,24.52
2,3.5,-0.47,7.3,24.44
1,2.01,0.34,9.58,24.94
2,5.31,-1.16,7.89,24.68
1,0.77,0.06,10.82,25.34
2,5,1.1,9,24.82
1,2.17,1.91,9.72,25.84
2,4.89,-0.78,9.21,25.02
1,2.4,1.19,12.31,26.68
2,3.26,1.47,8.69,25.24
1,2.43,0.64,10.47,27.55
2,5.26,-2.81,13.32,25.55
1,-0.51,-0.19,10.88,28.23
2,5.19,0.22,9.26,26.16
1,2.47,-1.65,9.13,28.94
2,4.66,-0.59,8.2,26.88
1,2.11,-0.33,8.35,29.45
2,4.13,-0.71,10.34,27.28
1,2.35,-0.36,9.5,30.36
2,4.35,-0.7,8.44,28.02
1,2.1,-0.9,9.09,31.21
2,2.61,-0.28,10.27,28.54
1,1.93,0.83,10.01,31.8
2,4.65,-0.76,7.83,28.87
1,0.75,0.52,8.76,32.32
2,5.86,1.39,8.74,29.22
1,0.96,-0.76,9.31,32.72
2,4.16,-0.2,9.02,29.39
1,0.33,1.06,9.7,32.76
2,2.52,-0.79,9.85,29.09
1,-1.2,-1.71,9.26,32.5
2,3.02,1,7.65,28.91
1,0.29,1.1,10.2,32.12
2,-1.03,3.28,5.09,28.69
1,-0.31,2.94,10.21,31.52
2,4.62,-1.98,10.3,28.32
1,0.91,0.98,11.36,31.03
2,3.6,-1.18,7.98,27.98
1,1.38,0.27,11.94,30.76
2,3.75,-0.1,12.08,27.72
1,0.37,0.5,9.39,30.51
2,2.84,0.56,9.13,27.59
1,0.2,1.04,12.18,30.34
2,1.19,0.79,7.79,27.48
1,1.35,1.39,8.45,30.24
2,4.45,-0.73,8.7,27.46
1,-1.82,-0.31,10.26,30.18
2,3.09,-1.29,10.32,27.48
1,0.69,-0.06,9.63,30.14
2,1.13,1.17,11.95,27.53
1,-1.5,-1.06,10.33,30.21
2,0.94,-0.49,8.68,27.6
1,1.2,-0.26,11.06,30.29
2,1.69,0.01,7.44,27.66
1,-0.35,0.88,10.96,30.58
2,0.33,0.29,8.8,27.69
1,0.56,-0.26,11.28,31.39
2,2.08,-0.96,8.74,28.06
1,-0.51,0.66,9.86,32.29
2,0.13,-1.25,6.86,28.67
1,0.67,-0.08,10.73,33.01
2,3.15,-0.11,4.67,29.27
1,-0.14,0.83,10.9,33.29
2,6.26,-2.31,6.74,29.58
1,0.53,0.41,11.99,33.11
2,5.63,0.01,7.02,29.8
1,0.81,0.42,9.11,32.99
2,5.01,-1.44,9.36,29.97
1,1.55,1.68,11.74,33.46
2,7.42,1.31,9.01,30.24
1,0.71,0.38,10.39,34.02
2,6.63,-0.12,7.63,30.25
1,0.44,2.43,8.71,34.47
2,8.87,0.83,11.55,30.73
1,-1.62,-0.49,9.74,34.8
2,6.79,-2.6,8.89,31.38
1,-2.24,0.09,9.56,35.23
2,8.91,-3.12,9.43,31.62
1,-2.21,0.91,11.42,35.72
2,8.62,-1.75,6.39,31.59
1,-0.98,0.63,10.13,36.02
2,8.85,0.42,2.76,31.4
1,-0.81,1.55,8.67,36.11
2,5.04,0.07,9.05,31.38
1,-0.46,0.07,9.78,35.86
2,2.99,-6.18,10.92,30.8
1,0.1,2.14,9.98,35.51
2,3.31,-3.64,9.68,30.86
1,1.23,0.87,11.62,35.1
2,4.46,-2.44,11.01,30.83
1,2.54,-1.18,11.53,34.68
2,4.32,-4.34,6.31,30.43
1,-1.05,1.06,9.44,34.81
2,4.04,-2.96,6.03,29.9
1,0.45,0.59,10.03,34.47
2,6.77,-3.34,5.85,29.52
1,1.52,-0.06,10.03,34.64
1,-0.74,0.21,8.55,34.62
2,3.22,-0.69,6.64,29.15
1,-0.33,-0.71,9.31,34.71
2,2.76,-2.44,10.43,29.1
1,0.51,-0.29,9.93,34.73
2,3.07,-0.48,6.65,29.1
1,-1.59,-0.32,11.51,34.45
2,4.21,-2.4,8.35,28.99
1,-0.45,-0.12,10.65,34.35
2,4.31,-3.23,9.95,29.23
1,1.68,0.54,10.17,34.22
2,5.83,-1.95,12.1,29.14
1,1.43,0.16,11.01,34.4
2,3.61,0.98,8.62,29.17
1,2.01,0.2,10.56,33.91
2,5.39,0.47,7.32,29.26
1,0.02,1.17,10.02,33.4
2,4.48,-2.59,9.04,30.02
1,-0.09,1.03,9.97,33.63
2,4.27,-2.13,9.1,30.57
1,1.59,-0.47,10.75,34.13
2,5.21,-3.87,8.53,30.34
1,-0.78,2.99,11.78,34.42
2,7.64,0.21,8.42,30.59
1,0.19,0.85,10.7,34.42
2,9.31,-0.13,7.29,30.3
1,1,1.05,7.73,34.39
2,6.44,-4.18,9.81,30.23
1,1.72,0.39,7.75,33.84
2,7.14,-2.41,4.2,30.48
1,0.96,1.18,11.43,33.55
2,8.93,-3.48,5.2,30.09
1,1.36,0.63,8.08,33.57
1,0.18,1.7,8.64,33.57
2,6.03,-3.28,4.03,30.02
1,1.52,-2.16,8.73,33.44
1,-2.35,-0.15,10.01,33.52
2,12.81,-12.04,6.9,29.84
1,-1.21,0.61,9.39,33.43
2,7.64,-2.68,0.1,29.82
1,0.16,0.47,10.8,33.46
2,9.58,-4.54,3.75,29.78
1,-1.06,2.07,8.57,33.76
2,8.9,-3.3,4.35,29.73
1,0.4,0.72,9.2,34.22
2,6.5,-3.76,3.33,29.99
1,-0.09,-0.06,10.74,34.74
2,6.75,-2.38,4.81,29.84
1,1.88,-0.36,9.78,35.32
1,-0.73,1.19,9.34,35.58
2,6.64,-2.41,1.34,29.68
1,2.94,-0.61,12.21,35.98
2,7.65,-2.42,4.14,30.08
1,-0.08,0.35,8.62,36.35
2,9.92,-3.77,5.71,30.22
1,1.58,-0.63,10.71,36.46
2,10.07,-4.44,10.69,30.51
1,-0.28,0.11,10.14,36.05
2,3.95,-1.05,9.77,30.49
1,0.87,0.72,8.04,36.09
2,3.98,-2.62,9.39,30.36
1,1.33,-0.07,11.12,36.45
2,5.16,-0.33,7.84,30.47
1,-0.71,1.09,12.75,36.72
2,5.21,-4.02,7.88,31.07
1,-0.63,-2.82,13.88,35.97
2,6.7,-1.73,7.52,31.29
2,8.42,-3.3,10.38,31.37
1,0.32,2.02,8.76,35.72
2,5.4,2.42,6.52,31.03
1,0,0,9.71,35.87
2,2.81,-0.99,8.65,30.23
1,-0.62,0.58,9.03,35.97
2,3.68,-4.28,14.73,29.79
1,-0.74,1.64,9.31,35.8
2,1.96,-1.48,9,29.66
1,-0.7,0.27,9.68,35.18
2,2.16,0.11,9.73,28.83
1,0.48,-0.43,10.69,35.16
2,3.29,1.33,8.84,28.89
1,1.15,0.88,9.73,34.88
2,2.52,-1.49,11.08,28.82
1,-2.34,1.29,9.07,34.02
2,8.45,1.91,1.62,29.57
1,-1.8,1.35,9.23,33.59
2,5.19,-2.56,9.86,29.39
1,0.58,1.15,8.85,33.63
2,7.41,-2.63,2.99,29.25
1,-0.41,-1.65,9.99,33.37
1,-1.15,0.32,9.66,33.99
2,9.75,-3.57,0.82,29.98
1,1.51,-0.09,10.01,34.55
2,5.01,-1.77,8.66,30.32
1,-0.03,-0.19,9.69,35.31
2,5.07,0.85,7.94,31.16
2,4.18,2.26,10.29,31.79
1,0.25,-0.73,9.94,36.45
2,2.86,1.03,9.99,32.11
1,0.74,-0.46,9.66,36.94
1,-0.34,-0.23,9.74,37.24
1,-0.33,0.7,11.19,36.93
1,1.04,3.2,8.09,36.57
1,-2.15,2.78,8.92,35.79
1,-3.45,3.78,10.09,35.57
1,-3.99,2.61,8.01,35.57
1,-4.18,2.21,6.22,35.32
1,-4.05,2.72,8.79,35.12
2,2.55,-2.83,7.75,31.47
1,-3.49,0.51,9.65,35.46
2,4.88,-4.77,8.45,31.36
2,2.72,-4.5,8.86,31.37
1,-3.1,3.95,8.26,34.42
2,3.51,-4.02,5.66,31.28
1,0.55,2.12,10.66,34.61
2,7.4,-5.8,11.36,31.19
1,1.85,-0.35,10.44,34.21
2,5.46,-5.59,7.95,30.71
1,-1.51,0.38,11.74,34.21
2,5.61,-4.92,5.65,30.27
1,2.43,-1.91,8.1,34.02
2,3.73,-4.91,8.83,29.61
1,0.67,0.28,9.86,32.59
2,5.05,-4.63,7.34,28.99
1,1.49,-0.12,9.82,32.47
2,6.72,-3.28,6.94,29.5
1,0.59,1.01,9.85,32.96
2,6.45,-4.45,7,29.78
1,0.79,-0.82,9.23,33.01
2,6.68,-4.3,6.74,30.19
1,0.13,-1.05,9.69,33.23
1,1.23,-0.23,10.96,33.38
1,2.67,1.34,10.91,33.5
2,0.31,-2.11,9.79,30.84
1,1.06,-0.14,10.94,33.71
1,-0.78,-1.78,9.45,34.03
1,2.69,1.18,9.75,34.54
2,0.33,-2.81,9.67,32.1
1,-0.55,-0.65,9.74,35.05
2,3.4,-1.21,9.6,32.43
1,0.11,0.37,10.13,35.5
1,-0.41,-0.25,5.19,36.03
1,-0.98,0.08,9.74,35.88
2,2.92,-1.16,9.65,32.82
1,1.89,1.73,8.65,35.92
2,1.89,-1.64,9.97,32.99
1,0.53,1.44,10.39,36.15
2,1.99,-1.52,9.96,33.16
1,1.71,1.98,9.48,36.01
2,1.74,-2.04,9.95,33.23
1,1.96,0.84,9.79,36.23
2,1.68,-1.87,9.95,33.34
1,4.09,1.07,11.12,36.67
2,1.73,-1.92,9.95,33.5
1,2.89,1.22,9.54,37.08
2,1.7,-1.92,9.94,33.67
1,2.92,1.19,9.52,37.42
2,1.9,-1.84,9.95,33.83
1,1.41,0.81,10.41,37.79
2,1.84,-1.83,9.94,34.09
1,2.65,0.17,9.79,38.37
2,2.62,-1.57,9.9,34.32
1,-0.57,0.13,8.31,38.63
1,5.39,0.4,8.68,39.12
2,1.59,2.08,9.99,34.62
1,3.38,-0.64,9.4,39.12
1,3.16,-0.71,9.54,39.5
2,1.41,-1.51,10.01,34.52
1,3.29,-0.74,9.41,39.8
2,0.8,-2.43,9.93,34.58
1,3.3,-0.61,9.45,39.67
1,3.27,-0.73,9.43,39.42
2,2.69,-1.27,9.83,34.66
1,3.31,-0.7,9.39,39.18
1,3,-0.68,9.7,38.87
1,3.23,-0.61,9.45,38.47
2,2.71,-1.65,9.76,34.55
1,4.45,-0.02,9.3,38.04
2,8.62,0.32,4.62,34.78
1,3.26,-0.75,9.49,37.7
2,8.87,0.8,4.99,35.35
1,3.2,-0.7,9.49,37.42
2,10.2,-0.61,5.78,35.86
1,2.82,-0.5,9.64,37.58
2,8.63,0.11,5.04,36.35
1,3.4,-1.44,9.66,37.93
2,8.47,-0.02,5.27,36.8
1,2.23,-0.3,9.52,37.96
2,7.55,0.33,5.02,37
1,2.77,-0.63,9.63,38.24
2,8.21,-0.46,5.53,37.16
1,2.9,-0.69,9.58,38.04
2,8.39,-0.38,6.07,36.73
1,3.37,-0.29,9.46,38.15
2,8.38,-0.36,5.66,36.89
1,3.34,-0.29,9.44,38.41
2,8.56,-0.53,5.74,37.05
1,3.47,0.03,9.41,38.52
1,3.34,-0.26,9.42,38.64
1,3.32,-0.25,9.47,38.77
1,2.93,-0.24,9.54,39.06
2,8.55,-0.3,5.68,38.27
1,3.37,-0.27,9.43,39.5
2,8.44,-0.38,5.8,38.4
1,3.36,-0.3,9.45,39.9
2,8.5,-0.4,5.79,38.61
1,3.37,-0.29,9.39,39.94
2,8.4,-0.27,5.69,38.72
1,3.28,0.27,9.31,39.86
1,3.68,0.06,9.14,40.05
2,8.55,-0.37,6.08,38.93
1,2.39,0.69,9.24,40.35
2,8.32,-0.3,5.88,39.24
1,2.97,0.57,9.61,40.64
2,8.41,-0.4,5.84,39.4
1,2.26,0.11,10.06,40.67
2,8.34,-0.39,5.91,39.44
1,2.96,0.68,9.36,40.72
1,2.88,-0.25,9.56,40.7
2,8.66,-0.35,5.91,39.5
1,2.78,-0.35,9.63,40.39
2,8.54,-0.2,5.62,39.49
1,2.75,-0.23,9.66,39.98
2,6.69,1.58,7.31,39.4
1,3.16,0.37,9.66,39.81
2,6.33,1.14,8.05,38.67
1,2.74,-0.08,9.71,39.36
2,7.48,0.89,7.79,38.09
1,2.43,0.48,9.66,39.32
2,4.76,-0.92,9.59,37.47
1,2.89,-0.06,9.68,39.37
2,7.27,0.18,7.75,37.4
1,2.77,0.12,9.6,39.7
2,6.11,-1.81,8.23,37.39
1,2.62,0.13,9.49,39.87
1,2.71,-0.12,9.57,40.15
2,5.23,-2.34,8.68,37.02
1,2.89,0.03,9.43,40.24
2,5.94,-0.77,7.91,36.92
1,2.78,0.1,9.58,40.21
2,6.53,-1.1,7.96,36.93
1,2.98,-0.15,9.8,40.27
2,6.06,-1.2,8.01,36.86
1,2.74,-0.2,9.55,40.42
2,6.14,-1.16,8.05,36.81
1,3.14,0.17,9.78,40.09
2,5.43,-0.73,7.84,36.35
1,2.66,-0.38,9.61,39.96
2,6.39,-1.34,8.04,36.15
1,3.05,-0.52,9.64,40
2,5.68,-1.69,8.23,36.19
1,2.91,1,12.68,40.11
1,2.75,0.62,9.58,40.38
1,2.53,0.73,9.65,40.6
1,2.57,0.75,9.64,40.61
1,2.56,0.75,9.62,40.79
1,2.55,0.74,9.61,40.99
1,2.59,0.76,9.6,41.23
1,2.56,0.76,9.58,41.46
1,2.55,0.75,9.62,41.49
1,2.57,0.75,9.61,41.65
2,5.98,-1.28,8.55,34.92
2,5.93,-1.18,8.36,34.42
1,1.94,0.64,10.15,41.41
2,5.99,-1.02,8.23,34.21
1,3.24,0.15,9.42,41.13
2,5.98,-1.17,8.35,34.08
1,3.14,-0.35,9.49,40.85
2,-1.3,3.31,9.54,33.84
1,3.16,-0.28,9.47,40.49
2,5.11,2.7,8.24,33.41
1,3,-0.26,9.53,40.38
2,8.29,-4.47,-3.71,33.33
1,3.63,-1.93,10.5,40.14
2,8.94,-2.88,-3.79,32.01
1,3.06,-0.55,9.5,39.66
2,8.09,1.05,1.49,31.64
1,2.44,1,9.89,39.24
2,1.23,0.16,10.17,32.19
2,1.2,0.13,10.16,32.81
1,2.89,-0.54,9.55,38.58
1,2.89,-0.45,9.6,38.76
1,2.79,-0.08,9.5,38.73
2,11.29,-3.91,3.93,34.22
1,2.94,-0.24,9.26,38.95
2,8.37,-3.95,6.9,34.24
1,2.57,-0.01,9.61,39
2,6.57,-4.05,6.3,33.92
1,1.86,0.05,9.68,38.84
2,5.36,-3.08,6.01,33.58
1,4.89,0.57,12.86,38.47
2,6.44,-7.09,5.75,33.35
1,2.6,0.04,9.67,38.47
2,5.93,-7.23,6.58,32.31
1,2.67,0.48,9.69,38.17
1,2.67,-0.27,9.58,37.77
2,6.25,-5.63,7.96,31.16
1,3.34,-0.46,9.39,37.79
2,9.65,-1.02,4.66,30.91
1,2.7,-0.01,9.43,37.69
2,9.42,-1.24,2.1,31.44
1,3.19,-0.34,9.69,37.75
2,10.62,-4.22,2.02,31.59
1,2.93,-0.37,9.56,37.52
2,9.29,-5.4,0.82,30.92
2,8.09,-3.83,-0.3,31.27
1,2.83,-0.25,9.66,36.95
2,6.84,-5.04,0.67,30.84
1,2.48,-0.96,9.66,37.28
2,8.28,-2.81,0.76,30.89
1,2.89,-0.34,9.62,37.54
2,9.6,-8.35,1.53,30.48
1,2.53,-0.83,9.97,37.98
2,7.37,-7.63,0.92,30.74
1,2.78,-0.09,9.56,38.24
2,6.24,-1.82,1.84,31.24
1,2.89,-0.5,9.61,38.44
2,10.31,-0.98,3.68,31.19
1,2.94,-0.25,9.56,38.62
2,5.64,-6.16,4.93,31.28
1,2.9,-0.35,9.63,38.8
2,6.15,-7.48,5.76,30.72
1,2.86,-0.08,9.56,38.65
2,6.93,-9.04,2.24,30.52
1,2.6,0.1,9.62,38.21
2,5.92,-7.81,3.67,30.42
1,3.08,-0.6,9.76,37.7
1,2.69,0.36,9.49,37.81
1,3.11,-0.37,9.48,37.86
1,3.02,-0.67,9.65,37.65
2,8.82,-4.37,2.37,29.04
1,2.85,-0.22,9.65,37.24
2,10.61,-6.19,4.71,29.39
1,2.99,-0.39,9.59,37.23
1,3.4,0.43,9.58,37.22
2,11.96,-7.74,1.31,30.41
1,2.72,0.21,8.99,37.3
2,7.5,-5.52,-1.53,30.29
1,3.04,-0.19,9.45,37.34
2,11.86,-1.56,0.87,30.41
1,2.69,-0.12,9.68,37.42
2,9.34,-4.66,3.19,29.81
1,2.74,0.24,9.51,37.81
2,7.5,-0.59,4.78,29.68
1,3.09,-0.2,9.68,38.09
1,2.95,-0.6,9.59,38.46
2,8.94,-8.01,1.43,29.16
1,2.84,-0.43,9.63,38.75
2,12.42,-7.51,-2.61,29.36
1,1.08,-0.26,10.5,38.7
2,8.81,-8.42,-0.67,29.77
1,4.07,-0.58,9.03,38.45
2,8.31,-7.22,-0.77,29.31
1,3.39,-0.61,9.55,38.18
2,11.63,-7.32,6.39,29.65
1,3.17,-0.18,9.54,38.11
2,7.54,-4.23,3.88,29.76
1,2.89,-0.42,9.58,37.99
2,10.61,-5.94,0.93,29.32
1,3.03,-0.36,9.57,38.22
2,8.44,-6.3,2.03,29.64
1,3.18,-0.15,9.5,38.62
2,8.99,-4.53,1.13,29.61
1,3.02,-0.25,9.55,38.86
2,1.18,-0.65,10.07,29.72
1,3.3,-1.32,9.22,39.21
2,2.06,0.06,9.89,29.71
1,2.83,-0.66,9.63,39.05
2,2.94,-1.71,9.61,29.4
1,3.28,-0.43,9.47,39
2,1.82,0.76,10.14,29.07
1,1.55,1.55,8.76,39.4
2,2,0.86,9.89,29.1
1,2.47,-0.61,9.72,38.89
2,2.23,0.79,9.95,29.22
1,2.73,-0.85,9.52,38.6
2,2.53,1.05,9.83,29.25
1,2.67,-0.89,9.65,38.49
2,3.06,0.88,9.67,29.67
1,2.69,-0.89,9.65,38.67
2,3.1,0.78,9.79,30
1,2.68,-0.84,9.57,39.08
2,2.99,0.75,9.71,30.08
1,2.73,-0.69,9.52,38.4
2,3.08,0.58,9.73,30.25
1,2.51,-0.32,9.32,38.06
2,3.25,0.83,9.72,30.19
1,2.69,-0.72,9.62,36.9
2,3.07,0.62,9.69,30.09
1,2.69,-0.62,9.57,35.69
2,3.24,0.6,9.72,29.94
1,2.49,-0.8,9.79,35.13
2,3.31,0.47,9.67,29.99
1,2.64,-0.86,9.76,34.48
2,3.31,0.14,9.68,30.07
1,2.64,-0.83,9.7,33.88
2,3.51,-0.04,9.63,30.13
1,2.61,-1.01,9.71,33.61
2,3.8,0.15,9.69,30.16
1,2.67,-0.54,9.65,33.42
2,3.62,0.04,9.66,30.33
1,2.35,-1.14,9.72,33.19
2,3.74,-0.11,9.65,30.4
1,2.68,-0.87,9.64,32.99
2,4.64,-3.52,8.78,30.26
1,2.86,-0.44,9.89,32.96
2,6.02,-3.69,7.53,30.22
1,2.66,-1,9.72,33.06
2,8.52,-3.42,4.81,30.82
1,2.87,-1.39,9.55,32.92
2,8.08,-3.48,5.16,31.43
1,2.84,-1.5,9.55,32.92
2,7.97,-3.86,5.32,32
1,2.86,-1.41,9.53,32.74
2,7.76,-4.39,5.26,32.52
1,2.76,-1.52,9.79,32.51
2,9.67,3.02,2.14,32.3
2,1.69,-0.46,9.98,32.45
1,2.51,-1.29,9.79,32.11
2,4.46,1.22,9.16,32.34
1,3.74,-0.06,10.05,31.85
1,3.07,-0.73,9.76,30.86
2,3.93,-3.39,8.79,31.66
1,2.64,-0.62,9.76,30.42
2,4.37,-1.64,8.73,31.64
1,2.49,-0.08,9.56,30.19
2,4.24,-3.51,9.06,31.69
1,1.96,0.28,9.94,31.02
2,4.32,-3.28,8.57,31.85
1,2.41,-0.5,9.87,31.38
2,4.22,-3.46,8.84,32.1
1,2.42,-0.07,9.78,32.09
2,4.22,-3.38,8.73,32.31
1,2.54,-0.32,9.78,32.84
2,4.51,-3.69,8.68,32.63
1,2.69,-0.29,9.73,33.46
2,4.31,-3.58,8.36,32.82
1,2.57,-0.1,9.82,34.41
2,1.66,-4.65,8.18,32.79
1,2.5,-0.33,9.75,35.24
2,0.6,-0.32,10.47,32.55
1,2.13,-0.12,10.11,35.59
2,-0.08,0.41,10.27,31.96
1,2.52,-0.23,9.77,36.1
2,0.7,1.03,9.22,31.32
1,1.79,0.36,10.41,36.58
2,0.69,-3.72,10.78,31.69
1,2.24,0.42,7.56,36.91
2,1.95,-4.87,8.87,32.05
1,2.73,-0.19,9.7,37.61
2,3.25,-3.35,9.3,32.43
1,2.61,-0.25,9.41,37.9
2,2.84,-3.28,9.23,32.82
1,2.53,-0.23,9.81,38.27
2,7.96,-0.87,5.7,32.94
1,2.79,-0.07,9.68,38.52
2,5.33,-1.71,8.67,32.27
1,2.8,-0.07,9.43,38.64
2,4.56,-1.44,9.09,31.92
1,2.77,-0.18,9.65,38.69
2,4.67,-2.02,9,32.03
1,2.75,-0.11,9.6,38.54
2,4.81,-2.18,8.68,32.18
2,4.7,-2.52,8.77,32.36
2,4.63,-2.51,8.83,32.66
2,4.63,-2.66,8.87,32.83
2,4.59,-2.7,8.78,33.12
2,4.47,-2.88,8.88,32.93
2,6.37,-3.26,6.95,33.09
2,5.99,-3.2,7.18,33.19
2,6.5,-3.79,6.99,33.14
2,6.44,-3.32,6.97,33.14
2,6.94,-4.11,6.53,33.13
2,6.91,-4.06,6.5,33.04
1,2.54,0.26,9.31,35.53
2,6.83,-3.9,6.55,32.9
1,3.37,1.18,9.48,35.12
2,7.06,-4.05,6.32,32.7
1,2.75,1.05,9.56,34.94
2,7.17,-3.97,6.5,32.75
1,2.09,0.53,9.77,35.05
2,7.11,-3.98,6.55,32.89
1,2.06,-0.22,9.89,35.41
2,7.09,-3.65,6.52,32.9
1,1.99,-0.04,9.88,35.6
2,7.18,-3.9,6.48,32.66
1,1.92,-0.03,9.87,35.68
2,7.01,-3.61,6.66,32.65
1,2.05,0.03,10.06,36.09
2,6.95,-3.69,6.73,32.79
1,2.36,0.05,9.76,36.1
2,7.07,-3.71,6.71,32.93
1,1.93,-0.88,10.58,36.04
2,6.93,-3.54,6.75,33.08
1,3.08,-1,9.73,35.57
2,7.04,-3.64,6.64,33.3
1,3.1,-0.34,9.63,35.34
2,7.13,-3.71,6.58,33.43
1,3.07,-0.52,9.6,34.9
2,5.73,-3.67,8.29,33.59
1,3.11,-0.5,9.56,35.37
2,5.46,-2.51,8.22,33.55
1,3.15,-0.16,9.4,35.35
2,2.75,-2.68,9.46,33.3
1,1.72,-3.38,7.26,34.94
2,3.11,-2.25,9.25,33.16
1,1.96,0.69,9.87,35.16
2,2.91,-2.5,9.62,33.24
1,1.89,0.67,9.87,35.92
2,5.58,-2.73,8.22,33.38
1,1.86,0.65,9.85,36.37
2,5.09,-2.54,8.26,33.31
1,1.82,0.62,9.8,36.72
2,4.21,-2.77,8.89,33.32
1,1.78,0.62,9.78,37.22
2,3.92,-3.06,9.17,33.35
1,0.13,-0.47,10.04,36.03
2,4.59,-3.59,8.44,33.42
1,0.67,0.04,10.03,36.95
2,4.21,-2.96,8.95,33.47
1,0.64,0.05,9.96,37.62
2,3.88,-2.01,9.94,33.32
1,0.65,0.05,9.97,37.94
2,3.37,-6.03,8.82,33.13
1,0.64,0.06,9.96,38.28
2,5.79,-4.87,7.24,32.86
1,0.65,0.04,9.92,38.59
2,4.54,-4.89,8,32.68
1,0.65,0.06,9.95,39.06
2,5.5,-3.52,7.94,32.54
1,0.65,0.06,9.93,39.42
2,6.99,-2.8,7.13,31.81
1,0.62,0.04,9.94,39.69
2,6.43,-3.21,7.41,31.66
1,0.63,0.06,9.92,39.9
2,6.12,-3.14,7.8,31.66
1,0.63,0.05,9.91,39.86
2,6.11,-3.2,7.71,31.77
1,0.64,0.04,9.94,40.27
2,6.13,-3.14,7.67,31.77
1,0.62,0.04,9.95,40.66
2,6.07,-3.43,7.73,31.87
1,0.64,0.05,9.93,40.94
2,5.88,-3.28,7.92,31.8
1,0.62,0.06,9.95,41.18
2,5.59,-3.26,8.15,31.75
1,0.62,0.04,9.88,40.69
2,4.76,-7.78,7.4,31.22
1,0.6,0.05,9.88,40.24
2,6.52,-5.94,5.52,30.87
1,0.61,0.04,9.89,39.62
2,3.88,-7.02,6.87,31.1
1,0.61,0.04,9.96,40
2,5.82,-7.47,3.31,31.37
1,0.6,0.05,9.93,40.53
2,4.52,-6.51,3.39,31.11
1,0.62,0.04,9.91,40.89
2,4.3,-7.08,4.27,31.23
1,0.6,0.05,9.92,41.19
2,1.43,-8.84,2.92,31.26
1,0.96,0.22,10,40.82
2,4.82,-3.78,6.93,30.36
1,1.16,0.11,9.88,39.98
2,9.6,-4.77,6.32,29.87
1,1.9,-1.33,8.55,38.62
2,6.67,-6.39,5.61,29.96
1,0.87,0.11,9.88,37.63
2,8.2,-10.36,4.93,29.42
1,1.73,2.47,9.9,36.54
2,11.64,-6.27,6.08,28.71
1,0.6,1.36,17.81,35.66
1,3.41,-3.7,6.78,35.65
2,7.14,-8.21,5.98,28.9
1,1.13,1.43,7.5,34.98
2,4.39,-3.26,5.86,28.68
1,3.88,-0.55,13.69,34.7
2,5.32,-5.86,1.66,28.69
1,0.37,0.05,10.26,33.91
2,6.44,-11.71,10.24,28.66
1,0.08,1.88,9.84,33.33
2,4.76,-5.35,4.19,28.78
1,1.41,-0.56,9.71,33.71
2,5.78,-7.54,6.17,28.75
1,-4.28,-2.23,10.91,32.05
1,6.05,4.68,7.29,32.26
2,11.26,-5.99,5.25,28.48
1,11.44,-1.25,19.61,32.09
2,6.41,-3.75,3.81,28.94
1,3.62,-7.06,13.46,31.91
2,2.19,-7.08,4.49,29.09
1,0.41,-3.32,8.88,31.21
1,-1.01,-1.47,7.73,30.87
1,1.42,-1.14,10.33,31.75
2,7.04,-6.03,3.75,30.18
1,0.61,-1.89,9.49,32.7
2,5.29,-6.28,7.07,30.61
1,2.9,1.03,9.16,33.55
2,6.87,-9.13,5.41,30.25
1,1.98,-2.05,10.02,34.34
2,6.65,-7.15,4.5,30.16
1,0.29,-2.92,9.21,34.48
2,7.57,-4.22,5.62,30.26
1,2.93,-0.26,9.7,33.77
2,8.12,-5.78,3.52,30.23
2,7.26,-3.85,4.86,30.42
1,3.26,1.39,7.44,32.98
2,3.38,-5.42,4.43,29.8
2,9.42,-2.42,5.76,30.07
2,6.52,-9.09,0.51,30.4
2,9.18,-1.82,4.35,30.63
1,2.83,-1.39,7.56,31.5
2,8.9,-1.67,3.87,30.78
1,2.45,-1.97,10.45,32.24
2,9.44,-2.26,3.65,30.85
1,1.33,-1.67,6.17,32.69
2,9.54,-2.64,4.09,31.08
1,2.48,-2.44,9.45,32.79
2,9.53,-1.94,3.86,31.22
1,3.25,-2.15,11.57,33.35
2,9.76,-3.12,3.17,31.56
1,2.26,-1.06,10.48,33.87
2,9.28,-2.49,3.45,31.96
1,-5.05,0.91,17.38,33.49
2,9.29,-2.63,3.81,32.34
1,-1.68,-3.02,7.39,33.17
2,9.31,-2.13,3.54,32.48
1,2.86,-0.51,8.3,33.59
2,8.99,-4.84,3.21,32.59
2,6.81,-3.98,1.59,32.67
1,-2.48,-2.79,8.06,32.19
2,7.49,-7.75,3.92,32.18
2,7.05,-3.98,4.02,32.4
2,8.41,-3.84,4.59,32.73
2,9.17,-3.85,4.3,33.12
2,7.12,-5.63,4.59,32.3
2,7.13,-2.3,2.21,32.33
1,2.59,-1.78,14.75,34.96
2,9.17,-4.92,1.17,32.49
1,1.36,-3.59,14.06,35.55
2,9.41,-3.13,2.78,32.74
1,1.05,-3.17,9.83,35.98
1,5.74,-2.67,19.61,35.76
2,6.01,-3.47,2.81,32.23
1,2.48,1.41,6.04,35.8
1,0.89,-6.88,11.43,35.54
2,7.81,-6.28,3.37,32.68
1,1.05,-1.33,10.03,35.05
2,7.48,-5.86,6.47,32.79
1,2.58,-1.12,9.54,34.52
2,7.17,-7.78,4.77,32.58
1,3.6,-1.88,10.36,34.21
2,7.19,-3.3,8.34,32.24
1,0,-4.79,9.21,33.73
2,6.79,-3.03,3.86,31.81
1,3.2,-4.6,8.25,33.24
2,6.49,-5.61,5.19,31.55
1,-1.12,1.27,8.87,33.22
1,4.04,-0.24,12.01,33.05
2,6.96,-6.61,3.1,31.58
1,3.07,-2.84,9.05,33.63
2,6.46,-3.51,5.01,31.77
1,3.88,-1.64,8.39,34.34
2,6.6,-6.38,5.39,32.26
1,5.08,-0.17,11.22,35
2,4.57,-7.84,5.88,32.15
1,2.92,-0.38,8.51,34.96
2,5.92,-5.38,4.85,32.05
1,3.31,-2.13,11.4,34.4
2,7.24,-5.69,6.4,31.76
1,3.69,-0.11,8.76,34.34
2,7.55,-6.88,7.47,31.32
1,3.7,-0.93,9.79,34.69
2,6.37,-6.25,5.57,30.87
1,4,-0.42,8.8,35.14
2,7.07,-5.49,2.84,30.28
1,3.8,-0.93,9.23,35.53
2,5.9,-6.76,5.31,29.83
1,3.31,-0.25,9.85,35.78
2,5.47,-9.73,6.59,29.67
1,3.25,-0.43,8.43,35.34
2,7.24,-6.06,3.89,29.52
1,3.76,0.02,11.55,35.59
2,6.3,-6.9,4.57,30.02
1,3.16,2.52,8.59,35.92
2,8.01,-3.53,4.37,30.22
1,4.47,-2.09,10.64,35.18
2,6.43,-5.09,5.48,30.68
1,3.34,-0.09,9.98,35.63
2,7.38,-3.9,5.69,30.75
1,2.26,0.96,8.72,36.23
2,6.41,-4.87,5.98,30.92
1,2.51,0.24,9.27,36.39
2,6.34,-5.91,5.83,30.92
2,6.45,-6.92,6.47,30.86
1,8.77,0.37,19.45,35.59
1,4.75,0.29,9.27,35.11
2,4.87,-7.22,5.96,29.84
1,4.85,-0.06,8.1,35.27
1,1.23,-0.69,9.14,34.72
2,6.79,-7.89,4.76,29.99
1,0.71,-1.7,8.11,34.94
2,4.58,-6.02,6.34,30.34
1,3.74,-1.37,9.4,35.16
2,7.63,-9.04,2.55,29.94
1,4.11,0.2,8.55,35.44
2,7.27,-6.15,1.89,29.99
1,3.23,0.5,10.08,35.18
2,7.15,-5.85,4.7,30.1
1,4.83,-4.4,11.97,34.59
2,6.71,-7.55,5.73,30.17
1,2.92,-0.97,9.48,34.92
2,5.47,-8.03,7.32,30.12
1,6.66,-2.32,9.32,35.37
2,4.61,-4.68,6.31,30.25
1,3.93,-2.55,9.09,36.01
2,5.5,-4.64,7.02,30.34
1,3.5,-2.48,9.51,36.62
2,5.56,-4.72,7.05,30.42
1,4.71,-1.94,8.87,37.11
2,5.33,-4.89,7.13,30.48
1,2.75,1.84,7.52,37.57
2,5.06,-5.35,7.35,30.64
1,2.7,-1.61,10.73,37.84
2,4.81,-5.45,7.26,30.83
1,1.79,0.77,9.74,37.93
2,6.5,-6.29,4.67,31.1
1,2.3,0.58,9.87,38.14
1,2.47,-2.74,10.49,38.39
1,4.81,-0.06,8.88,37.97
1,5.13,-1.9,11.08,37.54
1,2,-1.18,11.59,37.13
1,4.19,-0.64,9.14,37.21
2,3.96,-4.44,8.76,30.62
1,4.17,-0.65,9.14,37.37
2,5.85,-3.79,6.63,30.98
1,4.13,-0.62,9.14,37.4
2,4.3,-6.14,6.6,31.2
1,4.14,-0.63,9.16,37.35
2,5.66,-7.59,3.3,31.06
1,4.13,-0.62,9.16,37.32
2,5.89,-8.06,5.61,31.02
1,4.12,-0.64,9.17,37.42
2,3.14,-3.79,6.29,31.1
1,4.12,-0.63,9.19,37.31
1,4.1,-0.63,9.18,37.42
1,4.11,-0.63,9.17,37.33
1,4.12,-0.62,9.17,37.32
1,4.1,-0.63,9.18,37.42
2,0.32,-1.48,10.1,32.78
1,4.09,-0.62,9.21,37.39
1,4.07,-0.63,9.17,37.51
2,0.37,-1.29,10.17,33.99
1,4.1,-0.64,9.19,37.29
1,4.09,-0.63,9.19,37.3
1,4.07,-0.62,9.19,37.51
2,0.42,-1.17,10.16,34.57
1,4.07,-0.63,9.19,37.42
1,4.08,-0.63,9.2,37.28
1,4.05,-0.62,9.19,37.44
2,0.47,-1.07,10.17,34.84
1,4.06,-0.63,9.2,37.6
2,0.49,-1.06,10.15,35.12
1,4.05,-0.62,9.17,37.98
2,0.46,-1.04,10.16,35.45
1,4.07,-0.63,9.18,38.22
1,4.08,-0.63,9.2,38.4
1,4.06,-0.63,9.13,38.56
1,4.07,-0.61,9.19,38.77
2,0.54,-0.96,10.19,36.56
1,4.06,-0.61,9.18,39.1
1,4.07,-0.62,9.17,39.35
1,4.05,-0.64,9.17,39.55
1,4.04,-0.61,9.16,39.69
1,4.04,-0.64,9.16,39.69
1,3.99,-0.65,9.15,39.72
1,4.08,-0.74,9.16,39.92
1,4.04,-0.74,9.12,40
1,4.07,-0.75,9.16,40.23
1,4.08,-0.77,9.16,40.39
1,4.07,-0.77,9.13,40.55
1,6.02,-0.44,9.2,40.35
1,-2.38,1.1,10.16,40.48
1,0.72,2.57,6.75,39.58
2,-0.15,-5.34,8.73,38.02
1,-10.9,-2.3,0.88,38.97
1,-8.27,-3.95,-1.64,38.3
2,0.49,-3.23,9.72,37.74
1,-8.1,-3.01,-1.14,37.61
2,-0.37,-4.04,9.31,37.53
2,-0.4,-0.37,10.09,36.97
1,-8.97,-1.04,-2.87,36.9
1,-8.14,-2.86,-2.6,36.85
1,-8.76,-2.1,-2.76,36.42
1,3.08,4.65,2.25,36.44
2,-0.93,-1.65,9.82,36.56
1,-7.17,0.92,14.81,36.36
2,-0.37,-1.68,9.71,36.67
1,-1.07,-4.36,8.52,35.84
2,-0.57,-1.84,9.68,35.47
1,-2.19,-2.37,10.12,35.57
2,-3.99,-0.42,9.54,34.85
1,-3.41,-1.76,9.54,35.73
2,-1.75,-0.11,9.63,34.3
1,1.18,0.08,9.45,35.94
2,-2.04,-1.02,8.18,34.21
1,-8.6,-8.53,11.78,35.54
2,-5.6,1.01,8.77,33.67
1,3.62,0.69,9.61,34.93
2,-0.6,0.66,9.03,33.18
1,4.91,-1.7,8.34,34.39
2,4.02,-0.98,7.86,32.97
1,2.35,-2.16,9.36,33.81
2,2.93,3.24,9.77,32.63
1,1.36,0.1,10.33,33.72
2,0.11,-1.64,8.46,32.59
1,2.29,-0.31,9.8,33.22
2,0.83,-1.02,10.8,32.52
1,-1.76,-3.07,5.66,33.13
2,0.93,-0.48,8.85,32.32
1,1.16,-0.78,4.98,33.37
2,-1.14,2.17,12.55,32.61
1,-2.97,-6.95,6.01,33.42
2,3.66,0.3,10.21,32.86
1,0.9,-0.85,13.57,33.97
2,4.07,-0.32,9.38,33.13
1,-0.49,-4.98,8.19,33.77
2,3.51,-0.11,9.56,33.34
1,4.3,-3.33,18.05,33.93
2,-0.16,-0.42,11.57,33.27
2,2.82,0.08,9.22,32.89
1,2.26,-1.21,10.87,34.3
1,-2.58,-0.25,3.88,34.3
2,9.01,-3.19,16.46,33.15
1,5.89,-1.58,6.55,33.93
2,-5.04,2.21,10.07,33.26
1,-2.48,-3.5,7.51,34.04
2,4.4,-1.01,10.99,33.44
1,0.11,-4.41,9.36,33.55
2,2.19,-2.37,7.98,33.76
1,1.59,-1.5,8.36,34.27
1,5.06,-2.6,9.94,34.47
2,-0.56,-2.39,9.43,34.13
1,3.88,-1.89,9,34.19
2,3.26,-4.16,11.4,34.12
1,0.51,-3.7,11.67,34.12
2,0.48,-3.69,14.73,33.61
1,4.26,-0.39,8.62,34.62
2,-1.12,-0.21,10.62,33.84
1,-1.92,1.72,9.68,35.15
2,1.64,-2.47,9.98,34.41
1,1.07,1.37,8.31,35.57
2,1.56,-1.96,9.84,34.59
1,-1.13,-1.67,9.75,35.69
1,1.36,-1.04,10.9,36.06
2,1.64,-0.97,10.19,35.24
1,1.75,0.93,10.27,36.3
2,1.15,-0.41,10.24,35.63
1,1.88,0.86,9.47,36.68
2,1.24,-0.34,10.18,36.04
1,0.78,1.86,6.19,36.9
2,0.3,0.59,10.54,36.44
2,0.31,0.31,9.9,36.92
1,3.3,0.21,10.3,36.6
2,0.31,0.11,10.22,37.38
1,3.63,-0.39,9.07,36.77
1,-2.4,2.32,2.36,36.36
2,1.59,-0.6,7.99,37.32
1,2.9,-1.76,8.67,36.52
2,2.13,1.83,9.74,37.65
1,6.11,0.22,11.43,36.58
2,1.8,1.96,9.91,37.82
1,4.99,-3.92,17.29,36.48
2,0.41,1.2,9.79,38.04
1,6.17,1.9,10.23,36.18
2,1.08,1.33,10.05,38.19
1,-0.5,-3.16,8.55,36.1
2,1,1.44,10.06,38.22
1,9.52,0.91,13.49,35.29
2,0.72,1.83,9.9,38.04
1,4.03,-0.26,17.94,34.93
2,1.69,3.22,9.32,37.76
1,3.65,-2.07,9.78,34.53
2,1.57,-1.35,9.75,37.23
1,1.93,-0.83,9.25,34.68
2,-1.91,-1.12,10.89,36.94
1,1.28,-2.85,8.83,34.94
2,-2.26,1.02,9.94,37.24
1,2.63,-1.83,9.35,34.99
2,-1.19,1.75,9.95,37.64
1,4.59,-0.17,6.74,34.82
2,-1.71,1.21,9.83,37.88
1,4.92,-1.27,8.1,34.65
2,1.05,0.92,11.83,37.39
1,14,-0.42,18.96,34.76
2,2.96,-3.33,9.56,36.61
1,7.85,0.3,14.72,34.78
2,4.75,-2.79,8.58,36.07
1,3.38,2.77,4.27,34.78
2,0.2,-0.71,10.04,35.84
1,2.15,0.02,8.35,34.97
2,0.31,-0.58,10.22,36.27
1,4.39,-2.43,9.45,34.73
2,0.58,-0.28,10.19,36.85
1,2.69,-0.42,7.6,34.78
2,-2.16,1,9.79,36.93
2,-0.08,-0.76,9.96,37.09
1,2.97,-1.48,10.36,34.79
2,-0.78,-1.32,10.18,37.5
1,5.26,-2.38,10.03,34.86
2,-0.08,2.4,9.81,37.4
1,3.29,-1.46,8.2,34.51
2,0.63,0.56,10.19,36.33
1,4.65,-1.52,8.77,33.77
2,1.77,-1.58,8.67,35.71
1,5.12,-0.8,8.27,33.19
2,1.29,-2.14,9.95,35.94
1,3.93,0.29,8.65,33.1
2,0.06,-1.91,10.05,36.07
1,2.43,2.17,4.78,33.17
2,-0.86,4.56,10.55,36.34
1,6.33,-0.5,10.39,33.05
2,0.24,1.15,10.12,36.4
1,3.64,-0.96,6.78,32.78
2,0.16,1.49,10.24,36.24
1,5.57,-2.9,9.99,32.45
2,-0.67,2.77,9.36,35.79
1,17.69,1.43,19.61,32.4
2,-1.59,1.31,6.19,35.62
1,3.49,-4.76,19.61,32.39
2,-0.15,-0.7,13.34,35.62
1,3.68,-0.17,7.7,32.31
2,-3.89,1.22,10.89,35.37
1,8.62,1.66,12.53,32.16
2,0.36,-2.86,10.61,34.85
1,-2.48,-4.58,7.34,32.08
2,-0.43,0.77,8.29,34.38
1,-2.46,-4.97,6.05,31.96
2,1.79,0.77,9.08,34.13
1,5.49,-3.49,14.08,31.61
2,2.32,-0.97,13.2,33.6
1,3.23,-1.85,9.75,31.58
2,0.47,-1.55,9.81,33.6
1,5.27,-1.72,14.04,31.24
2,3.38,-1.41,8.42,33.01
1,4.75,-0.22,6.97,30.81
2,-0.68,-3,8.64,33.06
1,1.56,0.5,10.88,30.56
2,-1.09,0.67,6.6,32.47
1,3.55,-1.48,6.9,30.74
1,5.83,-2.12,13.75,31.13
2,-3.85,-1.1,16.36,32.01
1,3.88,-1.54,9.96,31.74
1,2.32,-2.01,9.94,31.97
2,0.28,-1.19,7.75,31.99
1,4.32,-0.94,12.67,31.99
2,1.34,-0.62,9.19,32.04
1,0.43,-2.3,9.34,31.63
2,0.67,-2.95,9.95,32.56
1,3.29,-2.3,8.38,31.48
2,0.92,-2.87,9.53,33.03
1,1.6,3.72,2.34,31.36
2,-0.28,-2.53,11.09,33.29
1,4.04,0.46,8.47,31.43
2,0.84,-1.92,11.83,32.79
1,3.77,-5.7,9.74,31.26
2,1.92,-1.61,12.28,33.15
1,1.8,-1.81,9.95,30.77
2,1.6,-1.83,12.75,32.97
1,3.74,0.04,9.9,30.53
2,1.37,-1.06,10.03,32.59
1,3.01,-1.57,10.11,30.24
2,2.71,-0.94,9.19,32.92
1,2.3,-0.15,10.32,30.31
2,2,-2,9.8,32.92
1,2.92,-2.6,7.08,30.02
2,2.29,-1.34,12.73,33.16
1,1.54,-3.35,11.26,30.01
2,1.65,-1.53,9.02,33.46
2,1.12,-1.85,9.98,33.59
2,1.55,-2.93,9.7,33.89
1,1.63,-2.67,11.37,31.47
2,1.36,-2.06,8.38,33.52
1,3.51,-2.31,8.66,31.77
2,2.59,-2.69,11.34,33.22
1,4.49,-2.43,7.04,32.16
2,2.1,-0.11,10.55,33.06
1,4.04,0.33,8.64,32.88
2,2.98,-0.97,12.04,33.01
1,1.56,-0.29,10.99,33.35
2,1.53,0.06,10.21,33.24
1,4.21,1.21,10.08,33.52
2,3.26,0.08,9.82,33.44
1,2.41,0.7,9.77,33.42
2,-0.15,-0.29,12.32,33.41
1,2.24,-0.19,9.53,32.53
2,2.38,-1.4,13.71,33.09
1,1.46,0.69,9.5,31.48
2,0.92,-1.42,12.36,32.95
1,1.47,-4.32,7.7,30.74
2,2.55,-0.45,8.05,32.67
1,-2.21,-3.08,6.07,30.46
2,2.05,-0.94,10.74,32.52
1,-0.93,-3.84,7.6,30.26
2,2.32,0.03,11.71,32.43
1,1.52,-2.07,10.33,29.81
2,-1.19,-0.08,14.31,32.28
1,0.85,-1.04,14.26,29.37
2,0.91,2.63,10.34,32
1,3.36,1.12,9.91,28.82
2,4.19,-1.71,9.22,31.59
1,3.64,1.58,9.53,28.58
2,2.48,0.15,10.97,31.09
1,3.36,0.81,9.59,28.4
2,1.91,-0.81,10.04,30.84
1,4.39,1.24,9.33,28.31
2,-1.61,0.37,6.61,30.05
1,4.53,-4.42,13.25,28.39
2,3.54,-2.95,12.23,30.37
1,2.56,-0.18,9.71,28.67
2,1.76,-1.12,9.66,30.39
1,3.82,3.29,11.31,28.72
2,2.47,-0.38,10.33,30.44
1,3.47,1.19,9.65,28.75
2,2.23,0.16,10.08,30.22
1,3.24,-1.39,8.97,28.65
2,2.95,0.33,10.09,29.94
1,1,-0.54,12.94,28.06
2,2.85,0.41,9.88,29.67
1,2.32,-1.28,8.94,27.72
2,3.13,0.4,9.76,29.57
1,0.63,-2.84,10.98,27.24
2,3.12,0.4,9.83,29.32
1,2.69,-1.81,10.2,26.89
2,2.98,0.32,9.81,29.05
1,0.55,-0.27,10.49,26.71
2,3.2,0.66,9.9,28.82
1,0.23,-3.22,9.03,26.53
2,2.99,0.28,9.74,28.76
1,4.11,-0.84,14.35,26.52
2,2.85,0.37,9.78,28.67
1,1.11,-2.06,6.24,26.72
2,-0.3,-0.75,8.08,28.64
1,3.54,-0.47,10.45,26.87
2,1.89,0.54,10.51,28.77
1,1.19,-1.01,7.88,27.16
2,2.43,-1.15,9.44,28.82
1,3.49,-2.41,9.08,28.23
2,3.13,-0.61,10.42,28.96
1,3.38,-2.18,9.5,29.24
2,2.42,-0.58,9.58,28.98
1,3.13,-2.11,9.16,30.27
1,3.3,-2.21,9.65,31.02
2,-2.89,-2.01,12.17,29.25
1,1.42,-0.4,9.82,31.81
2,-0.57,1.15,10.27,29.68
1,2.8,-1.19,9.57,32.49
2,0.71,0.73,8.74,29.9
1,2.91,0.51,8.23,32.77
2,2.68,1.25,10.67,29.83
1,2.32,-0.2,9.44,33.27
2,-1.04,1.2,11.51,29.84
1,2.27,-0.66,7.82,33.34
2,3.38,-0.14,9.76,29.79
1,3.11,-1.62,9.86,33.09
2,3.27,-0.46,9.88,29.67
1,2.36,2.37,13.68,32.8
2,3.32,-0.37,9.77,29.51
1,0.65,-3.16,11.97,32.9
2,3.08,-0.5,9.57,29.57
1,3.1,-1.05,9.72,32.87
2,2.21,-1.1,8.38,29.54
1,2.24,-0.64,9.73,32.34
2,5.04,-0.21,11.26,29.51
1,-1.43,-3.62,12.9,31.87
2,2.63,0.51,10.08,29.45
1,2.74,-3.51,12.99,31.34
2,2.22,0.9,9.72,29.35
1,-0.04,1.22,11.17,31.17
2,0.53,-0.03,9.71,29.49
1,0.75,-0.6,7.97,31.08
2,1.72,0.91,9.63,29.58
1,2.61,-1.69,8.42,30.84
2,-2.34,3.61,8.26,29.63
1,1.56,-3.72,9.83,30.22
2,2.73,1.58,10.77,29.5
1,3.51,-0.56,8.98,30
2,1.38,2.05,11.87,29.3
1,2.32,-2.73,9.99,29.74
2,2.31,0.61,9.96,29.16
1,3.61,-3.34,8.78,29.61
2,0.59,1.03,10.17,29.12
1,1.79,0.65,5.93,29.45
2,0.13,1.27,10.03,29.15
1,2.3,1.15,10.39,29.29
2,1.09,1.1,9.38,29.11
1,2.92,2.26,8.98,29.21
2,2.31,-0.22,10.98,29.19
1,5.36,1.13,7.4,29.06
2,1.07,1,10.38,29.25
1,-1.06,3.28,9.17,28.95
2,-0.82,0.72,9.35,29.34
1,1.4,1.46,9.88,28.79
2,-0.85,2.53,9.51,29.4
1,1.69,-0.9,10.51,28.57
2,2.25,2.42,9.64,29.47
1,-2.32,-1.52,8.88,28.46
2,2.72,-2.23,6.5,29.56
1,1.42,-0.54,10.23,28.34
2,2.44,0.83,10.14,29.41
1,0.15,-0.21,10.13,28.24
2,3.39,1.49,9.31,28.93
1,-3.13,0.78,9.07,28.22
2,0.72,3.42,8.8,28.85
1,-1.27,0.76,9.93,28.28
2,4.69,1.02,8.98,28.69
1,-1.24,0.74,9.95,28.35
2,4.59,1.22,9.39,28.51
1,-1.22,0.73,9.93,28.27
2,4.44,1.11,9.24,28.24
1,-1.2,0.73,9.94,28.27
2,2.72,-6.59,7.23,28.06
1,-1.2,0.74,9.97,28.29
2,2.85,-7.87,5.8,29.48
1,-1.18,0.74,9.95,28.25
2,3.53,-1.68,9.25,29.61
1,-8.34,-0.63,10.14,28.23
2,3.01,-1.65,11.28,29.35
1,1.52,-4.17,9.34,27.97
2,1.14,-1.7,8.69,29.17
2,2.99,-2.66,9.44,29.08
1,4.56,1.3,13.27,27.74
2,1.02,-1.56,10.37,28.9
1,6.04,-1.96,9.01,27.63
2,3.83,-0.95,9.65,28.78
1,1.32,-2.24,11.46,27.53
2,2.42,-1.55,8.3,28.53
1,0.29,-1.54,7.28,27.48
2,4.65,-1.32,9.91,28.39
1,3.56,-0.73,5.59,27.35
2,1.87,0.21,11.08,28.22
1,5.59,-2.97,11.32,27.37
2,-0.99,0.39,11.23,28
1,-0.3,-2.27,12.16,27.07
2,3.01,-0.71,10.4,27.91
1,1.46,-1.97,8.49,26.92
2,2.68,-1.49,9.01,27.79
1,2.45,1.22,9.22,26.85
2,1.91,0.15,12.14,27.78
1,-0.19,-2.18,11.38,26.85
2,1.97,-1.91,11.82,27.84
1,5.09,3.59,5.09,26.81
2,1.28,0.25,7.9,27.87
1,3.84,1.4,8.85,26.86
2,3.42,0.27,10.52,27.99
1,5.07,-1.08,9.54,26.86
2,3.86,0.36,9.4,28.05
1,1.91,-2.01,7.74,26.82
2,0.29,1.02,13.33,28.01
1,8.67,-1.52,10.81,26.83
2,2.75,-0.56,8.82,27.9
1,0.27,-0.47,10,26.88
2,1.18,-0.04,10.89,27.77
1,0.92,-4.93,7.59,26.85
2,-0.06,-0.57,10.16,27.77
1,4.96,-2.21,10.48,26.84
2,1.77,-1.38,9.48,27.81
1,2.97,-1.79,12.36,26.9
2,4.32,-0.51,12.03,28.03
1,3.75,-0.84,6.79,27.36
2,1.36,0.35,8.57,28.58
1,5.76,-1.11,8.82,27.92
2,2.36,-0.44,8.56,29.01
1,2.43,-1.73,9.04,28.19
2,3.63,-1.58,10.09,29.58
1,6.92,-0.26,11.16,28.31
2,0.94,1.29,10.4,29.98
1,1.37,-1.8,7.18,28.65
2,2.29,4.02,12.85,30.18
1,5.14,-1.5,10.84,28.69
2,1.69,0.87,8.98,30.35
1,2.82,-2.28,8.5,29.04
2,4.91,-0.74,11.76,30.57
1,6.92,-2.37,6.73,29.43
2,1.19,2.54,11.06,30.72
1,6.08,-2.66,10.75,29.24
2,-0.55,1.71,12.14,30.55
1,2.01,-1.15,8.6,28.75
2,1.93,-0.53,10.79,30.16
1,4.24,-2.23,8.35,28.47
2,1.9,-0.37,8.35,29.87
1,5.26,-2.36,9.98,28.15
2,1.57,-1.15,8.03,29.6
1,3.3,-1.43,6.89,27.95
2,2.76,-0.81,8.35,29.47
1,8.78,-3.83,12.91,27.79
2,1.55,-1.46,8.92,29.34
1,2.07,-1.24,4.81,27.71
2,2.34,-0.6,6.84,29.32
1,3.17,-2.5,8.38,27.92
2,2.54,-1.06,8.6,29.64
1,7.07,-2.75,10,28.43
2,1.89,0.03,10.24,30.42
1,5.93,-1.91,10.96,29.02
2,0.86,-0.96,6.85,31.18
1,4.9,-1.68,8.13,29.58
2,2.28,1.82,11.49,31.72
1,4.48,-3.19,8.29,30.12
2,2.34,1.28,8.21,32.3
1,-0.03,-10.41,7.44,30.75
2,3.47,-0.1,8.79,32.81
1,0.77,-3.82,8.6,31.57
2,3.03,0.67,8.75,33.07
1,5.94,3.35,10.55,32.21
2,1.82,2.71,11.27,33.12
1,3.11,0.51,7.11,32.21
2,1.44,0.23,9.28,33.21
1,2.62,-3.53,8.09,32.17
2,1.64,0.61,10.12,33.23
1,1.36,4.05,8.51,31.82
2,-0.5,0.9,10.35,33
1,9.24,0.58,9.11,31.34
2,3.68,0.11,9.52,32.64
1,5.96,0.88,7.41,30.89
2,-0.28,-0.05,14.25,32.28
1,1.82,-0.79,5.65,30.49
2,1.69,0.21,9.88,32.02
1,0.65,0.34,7.13,30.18
2,0.92,0.01,14.11,31.81
1,3,-1.14,7.35,29.77
2,3.17,-1.1,12.9,31.54
1,6.31,-5.33,12.64,29.46
2,1.48,-0.17,10.25,31.2
1,4.06,-0.48,8.74,29.21
2,3.18,-0.42,12.09,30.95
1,5.13,-0.41,6.96,29.02
2,3.18,-0.1,11.67,30.8
1,-0.55,-2.68,10.43,28.85
2,0.04,-1.58,8.15,30.74
1,4.64,2.02,9.79,28.69
2,3.02,2.89,8.68,30.71
2,2.07,0.28,10.02,24.33
1,-0.81,-0.58,9.9,24.19
2,2.06,0.28,10.05,24.35
1,-0.79,-0.56,9.86,24.17
2,2.04,0.3,10.03,24.37
1,-0.81,-0.58,9.85,24.16
2,2.06,0.3,10.04,24.39
1,-0.79,-0.59,9.88,24.15
2,2.07,0.27,10.03,24.43
1,-0.83,-0.59,9.86,24.14
2,1.11,-1.31,9.93,24.5
1,-0.8,-0.59,9.87,24.15
2,0.02,-0.22,10.64,24.66
1,-3.1,0.29,10.41,24.16
2,1.2,-0.53,9.28,24.87
1,-2.11,-0.37,9.7,24.22
2,3.9,0.74,9.44,25.12
1,-0.77,4.66,8.68,24.23
2,1.66,-2.27,9.57,25.37
1,-2.85,5.05,7.87,24.28
2,-0.76,-0.93,10.1,25.57
1,-3.33,4.85,7.76,24.35
2,-1.4,-0.3,10.12,25.77
1,-3.65,4.62,7.59,24.42
2,-0.36,-0.3,10.13,25.94
1,-4.39,5.14,6.86,24.47
2,-0.13,-0.32,11.73,26.07
1,-4.6,5.12,6.84,24.49
2,1.3,0.39,10.05,26.21
1,-4.6,5,6.79,24.56
2,-0.45,0.92,10.72,26.34
1,-4.67,5.02,6.77,24.57
2,1.89,-1.02,11.19,26.42
1,-4.8,5.19,6.46,24.62
2,3.1,0.33,10.03,26.55
1,-5.01,4.79,6.79,24.65
2,1.22,1.79,10.81,26.67
1,2.06,5.47,7.93,24.68
2,1.72,1.36,10.21,26.82
1,-1.61,0.99,7.51,24.69
2,1.73,0.71,9.88,27.02
1,-2.15,1.05,9.61,24.71
2,1.51,0.22,10.21,27.2
1,-0.57,1.63,10.23,24.72
2,1.74,-0.13,9.82,27.3
1,-0.18,1.44,10.95,24.72
2,0.65,1.64,10.83,27.39
1,-2.02,0.53,11.68,24.69
2,-0.27,0.09,10.53,27.46
1,-0.48,-0.84,11.48,24.67
2,2.18,0.84,9.88,27.53
1,-0.36,1.34,9.84,24.65
2,0.13,0.87,9.62,27.54
1,0.8,1.39,10.18,24.67
2,2.44,1.93,9.99,27.66
1,1.28,0.71,9.17,24.64
2,0.99,1.39,10.82,27.74
1,-2.84,1.27,9.34,24.61
2,2.24,0.6,10.28,27.75
1,-0.22,-1.3,10.63,24.6
2,2.52,0.52,9.83,27.83
1,0.31,-0.71,10.73,24.6
2,2.03,0.45,10.04,27.9
1,1.75,1.77,10.18,24.58
2,1.72,0.71,10.03,28.03
1,0.43,1.47,10.14,24.59
2,1.91,1.21,10.14,28.12
1,0.95,1.54,9.82,24.61
2,2.39,-0.08,10.03,28.21
1,1.83,2.12,9.24,24.58
2,2.33,-0.41,10,28.29
1,1.37,2.6,9.48,24.63
2,2.53,-0.27,10.05,28.4
1,0.07,2.81,9.48,24.64
2,2.66,0.26,10.02,28.5
1,1.3,1.12,10.4,24.67
2,1.83,0.02,9.72,28.56
1,-0.57,3.59,9.41,24.67
2,1.25,-0.97,10.21,28.59
1,0.49,1.81,9.74,24.63
2,1.52,-1.69,9.85,28.6
1,-1.59,5.12,8.55,24.67
2,-1.67,-4.93,9.27,28.52
1,-1.36,8.16,5.46,25.66
2,-2.06,-2.11,8.97,28.41
1,-4.38,2.07,12.01,26.15
2,0.09,-0.32,10.64,28.22
1,-2.09,2.17,8.8,25.64
2,-2.09,-4.71,7.98,27.99
1,0.11,3.81,10.56,25.48
2,-1.21,-3.83,8.23,27.82
1,0.74,0.45,10.82,25.29
2,-1.58,-1.97,9.76,27.68
1,-1.05,3.07,9.4,25.14
2,-1.46,-4.18,9.19,27.49
1,2.55,1.26,8.94,25.11
2,-1.8,-3.47,9.63,27.26
1,2.35,2.39,9.5,24.99
2,-1.65,-3.51,9.32,27.02
1,1.01,2.21,8.31,24.94
2,-2.32,-3.86,9.04,26.81
1,3.06,1.75,11.08,24.88
2,-1.07,-1.13,10.59,26.55
1,2.63,-0.04,8.51,24.84
2,-1.29,-1.94,9.09,26.32
1,3.15,0.23,9.7,24.77
2,-2.25,-3.11,9.2,26.17
2,-1.36,-0.76,10.94,26.07
1,3.79,0.37,9.04,24.67
2,-2.23,-2.95,10.11,25.97
1,0.21,3.66,8.64,24.59
2,-1.57,-3.32,9.3,25.87
1,-4.23,3.99,7.55,24.46
2,-3.3,-3.71,8.49,25.82
1,-2,3.71,11.8,24.35
2,0.85,-2.21,8.72,25.6
1,2.43,1.64,8.65,24.27
2,-4.98,-4.99,13.57,25.22
1,-1.52,0.85,11.08,24.2
2,0.47,-2.79,5.03,24.92
1,0.51,-1.01,12.87,24.17
2,-2.68,0.26,17.05,24.64
1,2.96,-0.77,5.08,24
2,-0.06,-4.53,9.38,24.28
1,0.91,1.73,10.14,23.96
2,-2.08,-0.17,11.01,24.18
1,2.66,1.28,7.69,23.89
2,-1.53,-2.01,9.86,24.18
1,2.47,-0.09,9.89,23.79
2,-2.23,-3.22,10.8,24.25
1,-1.42,-9.76,15.68,23.69
2,-2.06,-4.69,9.07,24.19
1,3.35,-0.02,10.94,23.65
2,0.14,-1.1,8.98,24.19
1,4.22,-1.23,15.16,23.62
2,-4.4,-2.4,9.37,24.15
1,1.98,0.53,8.85,23.5
2,-2.37,-5.1,9.5,24.12
1,2.08,0.98,9.48,23.46
2,-1.96,-4.46,9.14,24.1
1,4.31,-1.38,9.82,23.45
2,-3.08,-4.66,10.54,24.07
1,1.26,1.08,8.2,23.47
2,-2.16,-3.38,8.82,24.07
1,-0.64,3.78,9.67,23.64
2,-2.36,-2.97,9.53,24.04
1,-1.49,3.95,8.9,23.57
2,-2.58,-1.44,8.96,24.04
1,-4.33,6.02,7.53,25.29
2,-2.64,-4.02,8.36,24.03
1,-4.84,1.17,10.32,26.01
2,-2.38,-6.09,7.49,24.07
1,-4.11,1.23,8.66,26.43
2,-2.43,-3.24,7.91,24.14
1,0.84,3.85,7.04,26.67
2,-1.13,-3.08,7.64,24.07
1,-1.92,2.69,7.94,26.14
2,-1.08,0.57,4.68,24.02
1,3.66,0.01,9.09,25.72
2,1.48,-5.86,9.53,23.85
1,2.66,4.73,7.67,25.35
2,-2.56,-0.54,12.46,23.69
1,1.12,1.25,9.18,25.07
2,2.53,-3.81,8.62,23.53
1,3.24,1.9,11.73,24.77
2,1.77,-5.99,13.99,23.44
1,0.75,0.39,8.58,24.47
2,0.14,-0.37,5.04,23.32
1,2.96,2.08,6.77,24.28
2,-1.77,-2.55,9.17,23.29
1,3.67,0.2,11.89,24.07
2,-2.06,-1.91,9.31,23.34
1,2.33,1.65,10.07,23.93
2,-2.29,-2.19,11.06,23.31
2,0.24,-3.42,7.26,23.32
1,4.22,1.45,13.41,23.59
2,-2.7,-3.32,9.35,23.26
1,3.56,1.79,8.83,23.52
2,-1.62,-4.23,10.04,23.21
1,3.67,0.79,9.08,23.39
2,-1.45,-4.34,9.92,23.18
1,3.77,-0.96,8.89,23.32
2,-1.53,-3.49,9.2,23.22
1,2.28,1.1,9.76,23.34
2,-1.62,-2.97,9.65,23.3
1,3.08,4.41,8.76,23.36
2,-1.53,-3.2,7.31,23.27
1,2.53,1.19,10.63,23.25
2,-2.09,-2.63,11.64,23.25
1,5.54,3.22,9.04,23.18
2,-0.82,-2.67,8.15,23.25
1,1.21,2.87,6.16,23.19
2,0.72,-2.45,8.94,23.25
1,0.59,-4.56,8.57,23.14
2,-1.66,-2.88,9.64,23.25
1,1.42,-0.35,9.33,23.14
2,-3.1,-2.01,9.22,23.27
1,1.56,0.65,9.62,23.15
2,-2.88,-2.03,9.36,23.26
1,2.04,-0.71,9.71,23.11
2,-2.83,-2.06,9.2,23.29
1,0.65,-1.27,12.81,23.15
2,-2.92,-1.83,9.51,23.33
1,0.81,-0.74,9.13,23.16
2,-2.6,-1.76,9.49,23.38
1,-0.83,-4.88,9.09,23.01
2,-2.55,-1.81,9.31,23.75
1,2.46,3.7,7.3,22.95
2,-2.32,-1.45,9.75,25.46
1,2.31,0.77,9.87,22.89
2,-2.73,-1.82,9.71,26.24
1,1.49,0.21,9.74,22.88
2,-2.68,-1.27,9.48,26.34
1,-0.44,2.36,9.66,22.87
2,-2.56,-1.22,9.46,26
1,-2.45,4.75,10.65,22.9
2,-2.47,-0.95,9.8,25.95
1,3.11,0.12,6.64,22.89
2,-2.42,-0.78,9.8,26.25
1,8.48,0.31,19.35,22.89
2,-1.28,-1.89,8.22,25.91
1,0.15,-7.78,12.88,22.92
2,-2.07,-2.96,10.52,25.47
1,5.27,0.56,8.44,22.99
2,-1.86,-1.67,9.69,25.1
1,2.31,0.65,8.7,22.97
1,1.1,3.31,11.12,22.96
2,-3.35,-3.15,9.66,24.54
1,4.67,-3.11,12.94,22.97
2,-0.81,-3.54,9.31,24.26
1,2.58,-0.16,6.88,22.95
2,-2.74,-1.62,9.55,24.09
1,-0.76,3.35,8,22.98
2,1.22,-3.11,8.07,23.9
1,-2.32,-2.65,6.28,22.89
2,-0.2,-5.6,8.56,23.79
1,-4.51,-0.84,8.52,22.94
2,-0.82,-6.28,6.7,23.72
1,-7.85,-6.24,5.93,22.88
2,-0.6,-5.39,8.51,23.71
1,-8.88,-15.1,-0.01,22.87
2,0.23,-7.39,6.45,23.64
1,-4.87,-8.03,11.53,22.84
2,2.62,-3.99,9.06,23.61
1,-6.08,-9.36,5.13,22.8
2,0.74,-5.99,8.88,23.57
1,-4.5,-6.83,6.97,22.79
2,-0.39,-4.36,8.33,23.53
1,1.74,-8.86,1.5,22.78
2,0.23,-3.58,9.45,23.52
1,0.18,-7.74,5.84,22.75
2,0.82,-3.96,7.87,23.47
1,0.09,-8.39,5.09,22.81
2,-0.14,-4.08,9.31,23.39
1,2,3.68,9.18,22.87
2,-0.69,-5.8,8.72,23.37
1,3.02,2.3,7.06,22.91
2,-0.27,-5.33,8.37,23.34
1,3.5,-0.47,8.4,22.94
2,0.41,-4.4,9.82,23.3
1,0.09,3.68,9,22.96
2,0.12,-6.26,8.01,23.29
1,5,3.88,8.41,22.99
2,-0.02,-6.35,7.85,23.31
1,4.91,3.26,8.48,23.09
2,0.13,-6.11,7.97,23.33
1,3.87,0.81,13.81,23.12
2,0.21,-5.9,8.35,23.38
1,3.48,6.32,7.13,23.19
2,0.14,-5.75,8.46,23.42
1,2.88,6.97,6.66,23.27
2,-0.17,-5.74,8.43,23.44
1,2.82,2.56,9.27,23.38
2,-0.42,-5.63,8.46,23.5
1,-3.47,3.9,6.9,23.39
2,-0.49,-5.72,8.45,23.54
1,0.3,3.21,11.23,23.47
2,-0.44,-5.28,8.53,23.57
1,1.09,2.27,9.69,23.55
2,-0.77,-1.46,10.37,23.58
1,1.23,1.64,9.78,23.52
2,-0.44,-1.46,10.05,23.6
1,0.73,2.26,9.62,23.53
2,0.11,-1.54,9.68,23.59
1,2.9,0.35,9.92,23.52
2,0.13,-1.47,10.06,23.59
1,2.21,1.07,9.69,23.48
2,0.32,-1.89,9.98,23.57
1,-3.27,1.66,9.02,23.41
2,1.21,-1.65,9.52,23.57
1,-2.94,1.26,9.43,23.44
2,-0.29,-1.57,9.93,23.52
1,-3.78,3.71,8.2,23.43
2,2.01,0.2,9.31,23.54
1,-1.31,2.12,9.53,23.44
2,0.79,-9.91,-0.19,23.47
1,1.73,1.35,8.67,23.44
2,4.77,-8.38,4.63,23.33
1,2.09,1.76,9.38,23.44
2,0.57,-9.93,0.31,23.24
1,7.1,3.35,6.61,23.46
2,2.56,-9.71,2.17,23.11
1,0.32,1.38,11.93,23.44
2,-5.54,-7.61,-1.8,23.03
1,3.17,-0.42,10.73,23.4
2,-5.23,-7.82,-2,22.99
1,3.9,1.45,7.72,23.41
2,-6.67,-6.62,-1.45,22.97
1,-4.64,-1.05,8.42,23.42
2,-6.66,-6.74,-0.99,22.95
1,-4.17,-1.55,8.42,23.43
2,-6.03,-7.33,-0.94,22.91
1,-5.1,-1.12,8.17,23.35
2,-5.5,-7.55,-2.12,22.83
1,-4.89,-1.21,8.29,23.2
2,-5.18,-7.69,-2.18,22.82
1,-1.8,1.36,7.88,23.05
2,-4.81,-7.99,-2.28,22.73
1,-0.87,-4.13,13.35,22.93
2,-4.49,-7.77,-3.28,22.7
1,2.36,1.3,8.18,22.89
2,-5.63,-7.44,-2.02,22.71
1,0.93,4.03,9.46,22.83
2,0.87,-4.92,6.73,22.64
1,3.21,2.44,7.49,22.81
2,-1.16,0.99,10.64,22.71
1,2.01,-0.77,14.95,22.83
2,-0.72,0.08,10.11,22.79
1,3.08,0.61,7.62,22.83
2,3.88,-2.99,9.31,22.88
1,-2.15,-4.1,6.92,22.84
2,3.7,-4.45,7.67,22.89
1,1.21,-1.84,9.38,22.86
2,2.08,-0.98,8.72,22.91
1,-0.73,-2.72,9.54,22.88
2,-0.65,-2.57,10.5,22.9
1,-0.67,4.92,8.6,22.85
2,-0.16,-2.8,9.51,22.94
1,-2.91,6.38,7.09,25.34
2,-0.71,-3.44,8.71,22.97
1,-2.3,4.8,7.95,26.11
2,1.77,-2.4,9.9,23
1,-2.14,4.8,8.14,26.56
2,3.57,-4.4,9.63,22.98
1,-2.15,4.44,8.29,26.89
2,10.56,-4.83,1.85,22.98
1,-2.27,4.63,8.26,27.16
2,2.63,-0.51,9.6,22.95
1,-0.27,4.51,8.7,27.27
2,-0.42,1.36,8.84,22.99
1,-0.09,4.18,8.81,27.4
2,0.65,-0.63,8.7,22.88
1,-0.01,4.05,8.94,27.52
1,0.2,4.31,8.81,27.58
1,0.66,4.28,8.81,27.67
2,1.04,-5.28,13.16,22.74
1,-0.52,4.58,8.61,27.72
2,-0.32,-1.24,10.24,22.79
1,-2.13,5.18,7.86,27.84
2,-1.09,-0.17,9.34,22.81
1,-2.24,4.85,8.03,27.93
2,1.05,-1.21,11.3,22.83
1,-2.16,5.01,7.92,28.03
2,1.1,-4.82,8.7,22.82
1,-2.07,4.91,7.98,28.1
2,1.77,-1.9,9.26,22.84
1,-1.78,4.98,8.07,28.13
2,6.31,0.65,8.65,22.96
1,-1.78,4.78,8.15,28.13
2,4.9,0.84,8.43,23.2
1,-2.24,5.06,7.72,28.11
2,5.19,-0.12,9.05,23.33
1,-2.23,5.24,7.72,28.09
2,4.78,-1,7.38,23.43
1,-2.34,5.21,7.83,28.03
2,6.34,-1.19,7.98,23.52
1,-2.29,5.18,7.78,27.93
2,1.52,-3.56,10.63,23.59
1,-1.18,4.58,8.57,27.86
2,0.27,-3.09,9.93,31.91
1,1.72,-2.17,9.66,31.96
2,-0.19,-2.79,9.62,31.95
1,2.15,-2.45,9.53,31.82
2,0.87,-4.02,10.34,31.68
1,5.22,-8.94,0.44,31.41
2,0.45,-2.5,9.76,31.33
1,0.05,-0.03,9.64,31.55
2,0.21,-2.61,10.02,31.13
1,-1.63,1.59,9.62,31.37
2,5.22,1.78,10.38,31.1
1,-0.29,-0.06,10.24,31.19
2,4.51,0.44,9.52,32.12
1,-0.72,0.75,9.82,31.08
2,4.53,1.34,8.73,32.85
1,-0.95,1.06,9.63,31.06
2,2.79,0,9.81,33.34
1,-4.31,0.82,10.51,31.18
2,5.6,1.44,8.27,33.69
1,-0.04,-1.37,9.68,31.25
2,5.81,1.48,8.27,33.96
1,-0.1,-0.96,9.85,32
2,4.38,0.8,9.1,34.01
1,0.28,-0.86,9.83,32.1
2,4.19,0.81,9.42,34.13
1,-0.52,0.76,9.78,32.49
2,3.78,0.9,9.45,34.13
1,-1.87,0.77,9.31,32.69
2,3.94,0.83,9.52,34.17
1,-3.64,0.76,8.76,32.91
2,6.7,-1.09,8.04,33.87
1,-4.57,1.56,8.18,33.04
2,6.06,-0.92,8.05,33.72
1,-3.11,2.96,8.49,33.02
2,5.58,-0.68,8.54,33.74
1,-4.17,2.88,7.76,32.96
2,4.98,-0.54,8.91,33.96
1,-3.77,2.22,7.79,32.91
2,4.67,-0.45,9.06,34.21
1,-2.93,2.05,8.36,32.86
2,4.72,-0.12,9.11,34.38
1,-2.38,1.43,8.48,32.9
2,4.65,-0.09,9.23,34.54
1,-3.24,1.99,8.9,32.95
2,6.47,2.95,7.6,34.52
1,-2.47,2.63,8.56,33.03
2,6.83,3.06,6.86,34.64
1,-3.96,2.52,8.32,33.09
2,5.78,3.36,7.63,34.69
1,-3.74,2.44,8.4,33.14
2,3.44,4.49,8.34,34.42
1,-1.86,1.72,9.26,33.15
2,3.47,4.33,8.57,34.51
1,-3.14,2.19,9.26,33.21
2,3.12,4.14,8.81,34.63
1,-2.77,1.73,9.01,33.21
2,2.54,0.78,9.88,34.61
1,-2.99,1.1,9.34,33.12
2,1.84,0.3,6.15,34.16
1,-2.51,1.23,9.4,33.02
2,4.87,0.55,8.87,34.21
1,2.32,3.39,8.96,33.47
2,2.75,-0.43,9.78,33.64
1,-1.7,0.64,9.47,33.59
2,2.85,-0.49,9.92,33.39
1,-2.17,0.72,9.64,33.75
2,3.33,-0.18,9.76,33.32
1,-1.65,-0.35,9.64,33.86
2,2.74,-0.54,9.74,33.17
1,-0.97,0.36,9.73,33.87
2,3.62,-0.48,9.48,32.88
1,-1.29,0.09,9.71,33.99
2,3.59,-0.7,9.63,33.29
1,-1.6,0.56,9.48,34.21
2,2.97,-0.52,9.83,33.58
1,-1.84,0.98,9.35,34.52
2,3.76,-0.6,9.51,33.84
1,-2,1.1,9.37,34.82
2,3.82,-0.65,9.85,33.92
1,1.21,-0.09,9.49,35.2
2,4.1,-0.1,9.41,34.07
1,3.06,-1.65,8.89,35.75
2,4.48,-0.14,9.26,34.27
1,3.55,-1.56,9.19,36.36
2,0.15,4.15,8.41,34.18
1,4.57,-2.46,8.27,36.82
2,1.24,2.14,10.23,34.47
1,2.4,-2.37,9.65,37.3
2,-0.5,0.78,9.84,34.72
1,1.84,1.65,12.92,37.67
2,0.2,0.36,10.62,34.4
1,1.97,-3.85,8.97,37.87
2,1.2,2.2,9.82,34.43
1,1.42,-0.43,10.27,37.52
2,6.58,0.87,6.09,34.5
1,7.72,-0.04,2.01,37.19
2,2.45,-0.54,9.79,34.47
1,8.23,-2.49,3.02,37.25
1,5.36,-1.61,6.51,37.59
2,2.74,1.4,10.02,34.72
1,5.66,-0.31,6.71,37.43
2,3.23,2.15,9.12,34.8
1,6.17,-0.35,5.89,37.11
2,2.66,1.36,9.62,34.59
1,5.74,-3.72,6.28,37.26
2,1,2.51,9.67,34.25
1,3.24,-2.5,4.27,37.73
2,5.8,-7.11,14.14,33.6
1,2.83,-0.99,12.04,37.92
2,-0.85,-1.15,9.62,32.63
1,3.93,-2.25,9.55,38
2,0.08,-1.28,10.14,32.45
1,4.35,-0.03,8.6,38.44
2,2.38,1.51,7.73,32.58
1,5.86,-4.7,6.64,38.85
1,2.96,-2.83,6.86,39.23
2,5.83,5.01,7.06,34.42
1,4.97,-1.01,9.39,38.49
2,3.22,4.63,6.11,34.66
1,4.92,-2.91,5.14,35.92
2,5.01,3.22,8.21,34.67
1,-7.27,-0.48,13.1,35.14
2,2.81,3.77,7.19,34.56
1,0.87,1.57,9.12,34.14
2,3.54,4.62,7.68,34.59
1,3.11,-2.57,9.89,33.96
2,5.58,4.72,8.05,34.52
1,1.47,4.06,9.55,33.87
2,5.04,3.74,8.48,34.53
1,0.1,1.8,15.19,33.88
2,5.73,4.71,9.48,34.6
1,-2.11,3.64,9.16,33.97
2,3.68,4.08,8.02,34.65
1,-1.28,1.56,10.51,34.06
2,6.25,3.46,8.8,34.78
1,5.64,-2.45,8.02,34.06
2,4.67,3.68,7.22,34.92
1,8.79,2.17,3.59,33.9
2,5.23,4.48,5.47,35.03
1,8.12,2.33,5.04,33.68
2,6.02,4.87,6.89,35.09
1,-0.6,3.11,8.84,33.49
2,8.85,5.39,5.71,35.14
1,0.82,4.34,8.88,33.55
2,5.74,4.21,7.12,35.28
1,0.43,3.3,9.85,33.54
2,7.42,4.63,7.86,35.34
1,0.28,3.46,9.69,33.18
2,7.52,5.05,4.75,35.19
1,2.35,2.24,9.33,32.67
2,5.38,3.12,6.68,35.2
1,0.84,3.38,9.3,32.48
2,7.14,5.01,5.7,35.26
1,2.05,3.42,8.81,32.29
2,6.78,5.43,6.74,35.19
1,1.41,0.69,9.17,32.16
2,6.38,4.34,8.28,35.23
1,1.79,1.77,9.11,31.96
2,8.53,4.25,5.26,35.24
1,-0.89,2.57,6.95,31.84
2,7.59,3.16,6.38,35.19
1,0,1.9,8.67,31.47
2,8.37,3.68,3.11,35.2
1,-1.33,0.99,9.95,31.47
2,8.7,3.9,2.93,35.22
1,5.51,1.88,8.15,31.32
2,9.89,3.23,0.78,34.52
1,-1.17,2.83,8.37,31.02
2,9.88,4.01,3.94,34.67
1,-2.21,0.9,7.67,30.83
2,9.53,3.61,-2.8,34.58
1,-0.86,5.58,8.69,30.72
1,-0.01,5.58,9.14,30.55
2,11.56,2.84,1.23,34.77
1,1.76,5.79,7.04,30.52
2,8.23,3.63,-0.86,34.95
1,0.14,6.38,8.1,30.57
2,8.91,3.62,2.5,35.06
1,-0.6,6.5,6.87,30.66
2,9.73,2.51,1.91,35.2
1,-0.01,6.28,6.37,30.54
2,8.03,2.31,-0.34,35.25
1,-0.75,-5.21,12.42,30.19
2,12.5,2.78,0.82,35.08
1,2.78,-0.01,10.5,29.49
1,-0.9,0.94,9.57,28.62
2,7.45,5.97,5.55,34.75
1,-2.15,-0.7,9.77,28.28
2,9.38,4,2.76,34.78
1,-4.24,-1.37,8.88,28.11
2,8.85,6.25,3.47,34.83
1,-2.01,-0.96,9.52,27.9
2,7.59,6.2,3.78,34.93
1,-2.7,-0.66,11.79,27.66
2,9.08,2.15,2.67,34.92
1,-3.51,0.14,11.86,27.69
2,5.52,3.02,7.45,34.49
1,-1.84,0,7.57,27.82
2,5.57,1.08,7.46,33.93
1,-2.75,-0.74,10.43,27.71
2,5.83,1.22,8.58,33.4
1,0.49,0.02,7.8,27.72
2,3.89,1.22,7.87,32.47
1,-3.06,-1.42,9.43,27.6
1,-3.17,0.55,10.32,27.63
2,4.91,1.42,8.34,30.24
1,-3.21,-0.97,8.01,27.33
2,9.48,-0.16,9.49,29.72
1,-2.88,-0.37,9.83,26.86
2,8.17,3.75,5.76,29.34
1,-2.12,0.92,7.98,26.64
2,5.74,1.66,6.82,29.47
1,-2.47,1.3,12.05,26.64
2,1.82,5.26,8.34,28.84
1,-4.1,0.15,11.62,26.23
2,9.73,3.26,7.07,28.69
1,-3.37,-0.87,10.85,26.04
2,6.71,0.36,5.26,28.75
1,-1.47,0.11,8.92,25.92
2,5.93,4.49,9.04,28.83
1,-1.89,-0.48,7.66,25.93
2,7.68,-1.6,9.79,29.11
1,-3.32,-0.55,9.28,25.93
2,6.67,1.6,7.52,28.99
1,2.56,-0.36,9.56,26.03
2,4.52,-0.09,7.71,28.67
1,0.91,1.92,10.94,27.34
2,7.46,3.04,5.08,28.6
1,-0.82,5.01,8.56,27.94
2,7.1,2.4,5.02,28.59
1,1.3,4.45,7.65,28.42
2,8.21,0.19,8.33,28.89
1,-0.31,1.39,7.99,28.82
2,7.55,1.15,2.94,29.3
1,-2.33,3.76,7.02,29.29
2,7.71,-0.85,6.78,29.77
1,0.6,3.09,9.98,29.68
2,3.28,3.08,7.56,29.89
1,0.41,3.87,7.9,29.7
2,7.43,3.12,7.51,30.13
1,-0.35,3.49,8.89,29.78
2,5.53,3.25,9.41,30.14
1,0.8,1.92,10.22,29.82
2,6.98,1.98,9.53,30.39
1,4.95,1.83,9.49,30.03
2,6.14,3.47,6.69,30.23
1,-4.09,-0.32,9.4,30.36
2,4.6,0.48,7.23,30.24
1,-3.91,-1.34,8.68,30.65
2,9.85,1.77,11.55,30.39
1,-2.14,0.68,9.45,31.08
2,4.1,0.46,8.26,30.4
1,-1.9,-0.78,8.32,31.11
2,9.66,1.72,10.05,30.46
1,-3.29,-1.26,9.31,31.1
2,4.3,4.38,7.58,30.43
1,-1.77,-1.93,10.78,31.59
2,5.08,3.28,9.91,30.57
1,-0.78,-2.19,8.5,31.97
2,5.17,3.26,7.55,30.48
1,-1.77,-2.21,10.26,32.02
2,3.91,3.3,6.86,30.57
1,-1.62,-0.42,9.79,32.06
2,5.48,3.03,6.03,30.78
1,-4.07,-0.3,8.46,31.87
2,5.57,2.63,8.81,30.81
1,-3.36,-0.32,9.2,31.54
2,6.2,2.49,8.9,30.72
1,-4.3,-0.25,8.96,31.19
2,6.68,1.2,10.35,30.67
1,-3.28,-1.18,9.61,30.98
2,8.26,1.55,7.09,30.83
1,0.22,-0.48,9.47,30.33
2,5.81,2.3,7.35,30.65
1,-4.02,-1.05,9.01,29.75
2,4.29,2.55,7.04,30.78
1,-3.46,-1.74,8.26,29.44
2,6.79,-1.46,12.23,30.78
1,-2.78,-0.5,9.36,28.92
2,6.5,-2.37,7.51,30.78
1,-2.89,-1.27,9.18,28.27
2,10.15,-1.57,9.43,30.77
1,-3.45,0.58,7.95,27.91
2,6.12,1.17,7.1,31.06
1,-3.04,-0.94,7.83,27.44
2,5.17,0.92,7.67,30.81
1,-3.08,-0.53,8.76,27.07
2,2.74,3.67,7.6,30.51
1,-1.35,-0.24,7.68,26.8
2,5.27,2.16,9.56,30.37
1,0.6,-1.23,7.02,26.19
2,5.51,4.82,8.05,30.39
1,1.61,0.2,8.52,26.33
2,6.54,3.44,9.43,30.15
1,-1.8,-0.27,8.74,26.42
2,6.46,4.84,5.07,30.1
1,-2.7,0.59,10.4,26.14
2,5.71,5.38,5.85,29.99
1,-1.48,-0.1,10.11,25.7
2,6.49,1.82,5.04,29.73
1,-2.36,1.56,8.51,25.19
2,3.77,1.41,6.44,29.79
1,-5.68,0.52,11.14,25.18
2,7.79,0.53,11.43,29.44
2,3.53,5.23,6.94,29.31
2,3.97,2.59,6.76,28.97
2,6.22,4.2,5.25,29.44
2,5.54,3.7,6.62,29.5
